UUID,Level,Room,Name
b11495ff-8a69-40c9-82e7-754e383bf32e, 96f69a4d-6531-40f0-a053-1594d8c6bf61, b733c642-c0bf-483d-be98-4c8694eee29d, 10A1
cf705c1b-56b1-4bb5-8c6f-28f3371cb7ba, 96f69a4d-6531-40f0-a053-1594d8c6bf61, 825178e6-ec15-494e-b85e-23cdacc65103, 10A2
4fe84e70-7d4a-4923-8333-e2a2522e19fd, 96f69a4d-6531-40f0-a053-1594d8c6bf61, cbfa463c-686a-47d9-9eea-58cbe9111d9b, 10A3
aaa56dad-2e16-447b-b07f-9112e08e3aa9, 96f69a4d-6531-40f0-a053-1594d8c6bf61, d6b63b60-06fb-49c3-952b-41e599e07055, 10A4
c5c91e64-397a-4713-beda-9ead3d6ab6a6, 96f69a4d-6531-40f0-a053-1594d8c6bf61, 5cce8ecb-f2cf-4d3c-85d5-7dfa800a19df, 10A5
bfdc3ccc-3506-403a-bc55-e3335ab6011c, 96f69a4d-6531-40f0-a053-1594d8c6bf61, f2078fff-42cc-4aa0-b1a1-d55d9e55a452, 10A6
b01bee5d-d2cf-414e-9446-e4f3fb4f60e5, 96f69a4d-6531-40f0-a053-1594d8c6bf61, 79647b90-9fbd-43bc-ad57-2dcb4a1e71a1, 10A7
09e86dd2-44ea-4c72-96a4-24972d08bf18, 96f69a4d-6531-40f0-a053-1594d8c6bf61, ad70e8ff-d279-4e05-b78c-bcb495f4af2f, 10A8
50a9562f-05a2-4dea-97fb-cf27ff41feb5, 96f69a4d-6531-40f0-a053-1594d8c6bf61, d8ef7993-65c4-40f2-b5bc-a53319eb2303, 10A9
aeec5c97-8170-4010-a68e-37227b0bbbf0, 96f69a4d-6531-40f0-a053-1594d8c6bf61, 7d6a2581-6675-42dc-96b1-ee7da79717f1, 10A10
fe00044a-9705-4640-9868-19df3376493d, 96f69a4d-6531-40f0-a053-1594d8c6bf61, b4989403-b98c-47ac-b717-99d86bcf9642, 10A11
f8fb17d9-fdf7-4012-b3cf-381b9d38847c, 96f69a4d-6531-40f0-a053-1594d8c6bf61, 900f6fd1-c4bd-4c46-9799-d4ee4ee83ac3, 10A12
30b6eb83-a7f0-4f9d-a75b-b178f68bb1f6, 96f69a4d-6531-40f0-a053-1594d8c6bf61, c820ef2f-10e9-48af-b193-98910b30aa36, 10A13
60475183-19e9-4dfc-bcbe-969bdb0f4bf4, 96f69a4d-6531-40f0-a053-1594d8c6bf61, 42efa893-03a9-4568-bcde-7bd166970bf4, 10A14
0c0c403f-06dc-4615-aa60-51fbf336ecda, 5c80017f-519c-45cc-9c6b-a173551458f8, 95e5da10-83a5-4eb6-a015-d540e3fb253b, 11A1
e18490ab-e1e5-4985-8d2e-2cc396d4e705, 5c80017f-519c-45cc-9c6b-a173551458f8, a783f58e-edbd-42ce-b320-c3c900957687, 11A2
50d815b5-354d-46e2-a725-202d33652943, 5c80017f-519c-45cc-9c6b-a173551458f8, c742913c-8e8a-4ada-906f-280f5fb73cd0, 11A3
e947d944-b584-4caf-b8bd-0171c861e317, 5c80017f-519c-45cc-9c6b-a173551458f8, da9e3c41-c146-4705-ae98-026295c469a0, 11A4
c020c5dd-b7f9-4600-8a0f-6d0565c9eb36, 5c80017f-519c-45cc-9c6b-a173551458f8, 78a8f1d8-1edb-408f-b8d6-0e871d977804, 11A5
c1c68c49-50ee-4e81-8d71-706e00daa51c, 5c80017f-519c-45cc-9c6b-a173551458f8, 54d48e70-7bfd-42a5-affe-4ed1e8ae09c0, 11A6
6269f689-5c74-4514-ac9a-a9b4633a933a, 5c80017f-519c-45cc-9c6b-a173551458f8, ec3dee8b-9601-4229-9d3e-67fdbdf3bf72, 11A7
a187d7ed-9a43-4127-9452-8c947095d612, 5c80017f-519c-45cc-9c6b-a173551458f8, cb2f3055-9c94-44ed-9d1b-5e7dea49ef61, 11A8
17ecddae-d490-4325-bf3b-53e8dacf6fff, 5c80017f-519c-45cc-9c6b-a173551458f8, 07dbe072-4229-4f30-ad38-30b1a0fc100a, 11A9
81d0ab22-04a8-4af7-a2d2-ca03a246e079, 5c80017f-519c-45cc-9c6b-a173551458f8, eca2ce1b-f20d-4307-af8d-ca56a5f7cc57, 11A10
a33806f0-af48-4193-b6b2-22a6ee5bbc0e, 5c80017f-519c-45cc-9c6b-a173551458f8, 644f7954-9f51-4dfa-90f2-0612225f49e2, 11A11
0f16fc87-0258-49a1-9d65-ec59a8db6bbc, 5c80017f-519c-45cc-9c6b-a173551458f8, 55a4c40c-efe2-4ef5-8a0f-f5f2ca211533, 11A12
fab46365-8a74-4992-a510-e3cb3bd71e80, 5c80017f-519c-45cc-9c6b-a173551458f8, 9af66b55-1c5a-4b70-807f-64ff1ecf86e3, 11A13
eabbdd36-cbf3-4e6a-9a1a-abd6c250a3e0, 65a078e8-52df-4439-a7d9-13f4558d6d59, 3df8f36b-6a61-43f8-83de-756aea94e9c7, 12A1
73635c8a-2965-4598-b2d1-d15781b02973, 65a078e8-52df-4439-a7d9-13f4558d6d59, 38f0a897-611e-42be-9806-dbd8882a8c18, 12A2
f4b34ba7-edd0-4365-a791-1bee4da9ff44, 65a078e8-52df-4439-a7d9-13f4558d6d59, b6b601a7-0b3c-4921-84ed-0cf5e68b59e4, 12A3
60735738-14ab-4123-90d7-48f399263e09, 65a078e8-52df-4439-a7d9-13f4558d6d59, 29c3cd3b-f827-4ebb-8705-e45b3acd2c84, 12A4
7d3a2f93-fe9c-4d89-8f74-e9f506b95cf1, 65a078e8-52df-4439-a7d9-13f4558d6d59, 2afca78c-4cef-47f7-92be-5c1341f6afc3, 12A5
54c6b717-4d1d-4b94-aced-01aa7dfa9272, 65a078e8-52df-4439-a7d9-13f4558d6d59, f1759a0a-e75d-4846-aa2c-667f06a4a284, 12A6
ed38279a-7421-4af9-8b95-d79d0ee0f513, 65a078e8-52df-4439-a7d9-13f4558d6d59, a01812c3-3171-456d-a2ee-f76b5e8e50ff, 12A7
b6a5e9e1-6471-4ad1-a776-1754b08372e6, 65a078e8-52df-4439-a7d9-13f4558d6d59, 17581c27-a06e-4055-bc0d-aa8c186feba1, 12A8
cd67657f-3c39-4e4b-bcf7-792f913d6929, 65a078e8-52df-4439-a7d9-13f4558d6d59, b2997c93-dbe1-4ceb-be85-d2eb9e02a704, 12A9
fcbdeef1-aab3-4cce-b35b-abcff7bd68f6, 65a078e8-52df-4439-a7d9-13f4558d6d59, 0f96886a-c8f0-437b-a3bd-ac92db3d8007, 12A10
b97c1955-75a7-4a01-bc6d-de0cc7a91b9a, 65a078e8-52df-4439-a7d9-13f4558d6d59, c1e4a828-85e4-444e-b7b7-3fb064cd2b45, 12A11
5bba72e8-d255-41d3-96e7-5e987c243aa8, 65a078e8-52df-4439-a7d9-13f4558d6d59, 85077fc6-7fa1-4957-8e1a-4e76798c3b89, 12A12
0587562d-f0c2-48cc-9ce9-d2efd6d85ab8, 65a078e8-52df-4439-a7d9-13f4558d6d59, 1cc73c42-3669-4e21-9fd3-aeb4adf8e08c, 12A13
