UUID,No,Class
607857cd-ff0d-4a80-99cb-008a7f6299bf, 1, b90b0eda-0b93-4b70-92aa-5273a2d09be7
ed6b8019-9317-4b38-9d06-ad2c422b4ff6, 2, d75b40f6-ba58-4842-842c-6a5f2fa9a4aa
05190a24-a477-4d8f-a7bf-05c6f6310df4, 3, 601a8756-050e-45cd-9d7d-8d6228d0a196
73861e27-20f3-4df5-b30a-50bbffc1eabc, 4, bdf72734-1d65-4fd4-9621-a64f66bfd76e
27b2b42e-fb9c-4db1-b799-a698024c7b59, 5, 2f9eaad3-0456-441a-9561-c1cab090aec1
4ea59f2d-9ecd-4f04-a9bb-ce01e0295fe0, 6, b5c2240c-f51f-49ce-ba3d-d5e829c1b788
d4be2f0c-6f03-4cea-9393-4802145de875, 7, 568a0251-ee88-4a55-8a20-97b5d42d685e
e87156a0-afa6-4083-8210-b98f44ab66c0, 8, e0768101-e029-49c7-8e34-b91e81b26286
1b5d68c2-dd89-45ab-9a23-83468d004dcb, 9, 576ec2e2-2012-494b-b249-1418664845dc
7aea7a1c-6e07-4864-ab7d-5a0fa0aa73ed, 10, e5fb6cfa-7e48-4342-bdc0-bcbba33be6cf
8616ead2-2268-4e25-881a-b94c319a413d, 11, 81d3d20b-5b79-4818-8e16-c424a1a62c6c
dc54ea5b-4ec6-4211-b85f-de8a038f555c, 12, c30a1356-e2ed-4cab-8b99-4a5ec1c26fde
86cfe337-787a-49b3-ad18-dea6afb185ea, 13, 02865642-0d14-46b1-b665-ebcaa94258ef
4403556a-13e8-48b6-acf8-f3a2081c973c, 14, b7f5e8ac-8bd0-416d-aa2f-34aa111d647d
86e52535-6bac-4d04-8b44-a35265cb6aeb, 15, 556fea63-a07e-4ddc-ab11-0ac70e9f1e82
2a3584f3-a1bd-4e8d-8344-36d2017f3367, 16, 83179635-4a6d-477d-9ad2-8a0cb26e2991
9beb92cf-0dd4-4f61-95da-3effc92bd23a, 17, b5aeb00c-c577-454c-b7bb-71b6e1dd6b69
adf0e1ac-5817-475b-af46-1403a691936c, 18, bbe42815-d895-44ec-8c71-2143e914b903
03efe8b6-be35-44e8-bc58-9e7e035aac99, 19, 751f9cc6-d936-4245-8e11-1ab5f6e743cf
64f96b1b-76c1-40c3-ab9a-7812177a12d3, 20, 61af2e3d-9443-499c-84ed-50702d56a714
8d7cd6a7-d47e-45c9-bf79-b392b9b7a9b7, 21, 55cce030-a383-488d-849f-eac90e07d9eb
005d556a-577b-4a63-9b96-8b1f1d0154a6, 22, eebef6ee-c5cf-4b00-8e2c-c890c58b307f
68b5c8fa-422c-439b-9f02-d805659e5a60, 23, 55e3a4ff-4803-446b-84d4-79d1c00413bb
410c3d69-728d-42b5-a5d5-1d78d50ac61f, 24, 34c7a361-be31-4728-95d5-0658c18f04b5
77b5d041-f4db-4c2b-9842-0a7a6d9f0361, 25, 3f91d942-7d41-4f12-aa7a-a68b8c76d004
a0bb9d0e-0ed1-42b1-9c4a-1dbac9732041, 26, ddd2f35b-6c3e-4b6f-97f2-9f81e0d47b65
22627c7c-2d0f-46b2-832c-24fc3842f520, 27, f239b4e0-1547-4095-8369-1c1ea1ba08c8
e39865b7-b38c-414f-b585-a5db726b74c1, 28, 65d9d36b-7c21-4ff4-b884-63655c79aa7d
38006442-f6ee-4c36-913d-f0d2d3131126, 29, 38a41db5-131c-437e-bb2f-b9de8f0d0a88
aea9e461-f8b2-41a3-9f24-381a54fb87e3, 30, 5678e482-6d34-4a69-9be4-1e42294021b2
c97b7d6a-032f-4b3c-b82e-611830af99a5, 31, 13b39d0f-6607-4319-b943-735893da64bf
3ae02e29-5c03-4c41-b967-fdbd5ff2c005, 32, 7db95dbd-1150-4435-84c0-6e12624b2444
a5c023a5-596d-4aa1-ad30-6501ce13ed43, 33, 1d5cfb7a-c747-42e3-8a09-f819501ea136
5bb5f213-6967-4d5f-877c-66a88ec42088, 34, b92570dc-21c6-4f1e-9737-19aedf58ea25
c7b0cad0-a4b7-4530-b53d-74a3db1133c1, 35, cfc157b0-a20d-4a4e-9dc7-b0b144a2226a
8bb048e0-96a8-4d42-8c0f-adf142a96367, 36, 38f9d10f-0960-4370-a440-85dd161f5074
cf200968-a508-49d8-b04a-98a5fe74db0e, 37, 030a5304-76e7-4e8a-bdcf-ab23df58dafe
d1a36c6c-1c95-4ccf-9b11-8d00f545efe7, 38, 08e2cba8-2924-4832-be2d-83949ee8b130
91efd527-16b3-48b2-a067-5fdd50c3f9ad, 39, 14659fdc-3b6d-4b9e-b81f-c5555e040848
f5e6450a-7180-42f7-806b-7c516f445d1e, 40, 42faf485-1a7d-48bf-97c6-7c41e3cd8392
2d65f589-23c5-403d-b893-26327897c381, 41, db793825-a5e1-4b14-9e50-918c4ce60790
e71ff36f-d89a-4b57-b675-9fbc0e46926e, 42, b3ee50e2-428d-4fa2-91e2-caa504725d71
bc4d1fc0-9631-4f37-9e9c-69f7ffd36e88, 43, edf8a078-54e3-468b-8f01-60677f251049
402aa553-d67d-4e02-9ba3-195357ae35be, 44, dd1c1faf-287e-4cb3-8e5d-a25e5583b04e
ca6c89d9-5dcb-42ef-a038-84e4fcc2a82a, 45, 6bb36671-3e3a-45be-a5de-1e2eb92cb1c2
09991ef4-fd83-478d-90c7-2c89aa76fe6a, 46, e45eed42-fd68-4e5c-9a81-eba8c69acab7
ae95321f-f6ef-43fc-b95e-d47af54e8cd6, 47, 7757c097-1096-4b0f-862e-05a8dcc9bd5e
06017ed7-3c8e-469a-a08a-0305affd102a, 48, 043ae1bc-3c7f-45a5-8553-9c48d8c4073f
bf23ca2a-a0b8-4832-97a4-6018a0ed634e, 49, 5d88f1e8-ff27-4cf3-b659-b907fab47feb
682fc1a2-e82c-4ce1-a72a-999ad563d8ec, 50, 922d6753-58f9-4586-b76b-9c0dad1ca775
c2d6c49f-9f40-4d5b-b395-02249791d9be, 51, bb842248-569a-4095-aeae-cd6031b6d8f8
2de1f567-f860-4f34-b31b-bdbb1ec25115, 52, 12a270df-bce8-475a-ad70-95438d37dcce
bec3c77e-8f96-425b-a60a-5e9eedf2face, 53, 32c0659d-7676-48fe-b548-c0b84b6bc699
60686ce5-4aa6-4c08-a753-5961c7fa5df9, 54, 8377f427-66eb-429f-a943-c10a3bb057e7
3663a25f-d3c7-410b-abbd-da805c340694, 55, 2d37a7c8-2720-4600-a625-d85db444248a