UUID, No, Number Of Students
16cc4693-fd6a-4b24-9153-fecd84e33dc2, 1, 43
6d05b9c1-b577-4cad-96f4-0de6fb1e576a, 2, 46
a6bb14d4-b1ed-490c-8ec9-903767fd35b2, 3, 41
bb957f88-14ae-4b41-8f26-7f8072182d79, 4, 39
8f3efdfa-89c3-4663-838f-650e77a0fbef, 5, 39
31c9de45-f3e6-4637-9902-fda448b1e3dd, 6, 44
fb3db54d-6669-4776-a306-8207a3bc7711, 7, 45
cd0ff809-103c-468c-b202-f32e6db5318e, 8, 41
64eae800-ffe2-41b3-bc27-bc1a2c8680da, 9, 42
31113827-c517-43d5-b186-e3b7350316ad, 10, 42
63cca3f1-00aa-49f2-b382-7967217ccba9, 11, 39
90825fa5-0a28-492f-8473-6992917e7764, 12, 39