UUID,Name,Birthday,Gender,Class
8ae3559a-8fd1-4bdb-b3db-07682d7d5b10,Đoàn Bảo Hùng,9/29/2003 12:00:00 AM,Male,3e39ae18-c272-44e5-b312-dae852a908b1
9e7fa4e7-3d57-4be7-9701-a142c14f91f1,Võ Đoàn Dương,4/10/2002 12:00:00 AM,Male,3e39ae18-c272-44e5-b312-dae852a908b1
084adf70-ba2a-450d-8166-e6c5d672174a,Kiều Văn Thông,3/27/2003 12:00:00 AM,Male,3e39ae18-c272-44e5-b312-dae852a908b1
9173f741-c539-4ae4-b1e9-73e231438684,Phạm Thế Việt,10/15/2005 12:00:00 AM,Male,3e39ae18-c272-44e5-b312-dae852a908b1
ff33c26d-c26e-4f93-8b53-8b1fbd035d5a,Lý Thế Long,8/24/2003 12:00:00 AM,Male,3e39ae18-c272-44e5-b312-dae852a908b1
be1a192a-1463-4845-b69a-786b5aa6940b,Bùi Xuân Thông,6/6/2002 12:00:00 AM,Male,3e39ae18-c272-44e5-b312-dae852a908b1
115efa1d-5c8c-4a87-b64b-67442b255630,Phạm Diệu Thi,11/6/2002 12:00:00 AM,Female,3e39ae18-c272-44e5-b312-dae852a908b1
9cbb1fd1-6106-426d-9cae-6eaacbe3a71b,Võ Tử Vân,7/14/2001 12:00:00 AM,Female,3e39ae18-c272-44e5-b312-dae852a908b1
57ad631f-2507-4425-a791-68867db91d8a,Hà Đoàn Hùng,9/7/2004 12:00:00 AM,Male,3e39ae18-c272-44e5-b312-dae852a908b1
807e54ab-5d56-4f64-ba87-12512634955f,Lý Ngọc Thảo,8/4/2005 12:00:00 AM,Female,3e39ae18-c272-44e5-b312-dae852a908b1
e2cd9a19-ae12-41de-89b7-586559093d59,Hà Ngọc Hoa,2/9/2005 12:00:00 AM,Female,3e39ae18-c272-44e5-b312-dae852a908b1
d65b91bb-0000-477c-affa-231d64d08a89,Võ Anh Thành,2/27/2002 12:00:00 AM,Male,3e39ae18-c272-44e5-b312-dae852a908b1
146ab62a-8a6e-437d-91e2-0ec80f063920,Lý Xuân Thịnh,7/29/2003 12:00:00 AM,Male,3e39ae18-c272-44e5-b312-dae852a908b1
b4f4c919-f795-445b-9479-ef52b22de9cb,Trần Văn Việt,11/29/2001 12:00:00 AM,Male,3e39ae18-c272-44e5-b312-dae852a908b1
ab9fb25b-0cc9-4492-9bed-ad0af1595468,Võ Thanh Lan,9/29/2002 12:00:00 AM,Female,3e39ae18-c272-44e5-b312-dae852a908b1
4fda9694-9f35-4f39-b170-3d95d3cd0dea,Bùi Thị Giang,3/25/2005 12:00:00 AM,Female,3e39ae18-c272-44e5-b312-dae852a908b1
4b51744a-f6ca-4c62-a7a7-0dcec2120021,Trầm Ngọc Ý,6/13/2005 12:00:00 AM,Female,3e39ae18-c272-44e5-b312-dae852a908b1
2127c593-7004-48b9-bc05-b80fa7029de1,Hà Thế Sơn,2/6/2002 12:00:00 AM,Male,3e39ae18-c272-44e5-b312-dae852a908b1
4ee28cb5-c773-4a8a-9782-77a5ba8b4e77,Trần Kim Hà,5/25/2002 12:00:00 AM,Female,3e39ae18-c272-44e5-b312-dae852a908b1
36c4d85a-1ec3-422a-8087-ca6d574769cd,Trầm Bảo Khánh,3/16/2004 12:00:00 AM,Male,3e39ae18-c272-44e5-b312-dae852a908b1
d24f37ee-f00e-4c74-ae8e-5dc2a9f98277,Lý Xuân Hiếu,8/20/2002 12:00:00 AM,Male,3e39ae18-c272-44e5-b312-dae852a908b1
33fdbcb0-5c18-4db5-8d6c-2ae0f0109b7f,Hồ Trường Hoàng,2/27/2001 12:00:00 AM,Male,3e39ae18-c272-44e5-b312-dae852a908b1
5e54d6f0-c0dc-41c3-b5a2-215b69017d6f,Lại Như Giang,12/29/2002 12:00:00 AM,Female,3e39ae18-c272-44e5-b312-dae852a908b1
105bdf78-98e7-4447-a84f-9c373ea3cd9e,Hà Thế Sơn,6/2/2002 12:00:00 AM,Male,3e39ae18-c272-44e5-b312-dae852a908b1
459ce3ba-7a86-42f7-948c-0e2e0a77de86,Lê Xuân Hùng,1/15/2002 12:00:00 AM,Male,3e39ae18-c272-44e5-b312-dae852a908b1
fb603738-0579-41ea-bf01-08ecc86f9fca,Phạm Diệu Châu,8/22/2004 12:00:00 AM,Female,3e39ae18-c272-44e5-b312-dae852a908b1
240a1cb8-3208-4f65-9ecf-2b8dc6fcd610,Kiều Đoàn Hưng,7/22/2003 12:00:00 AM,Male,3e39ae18-c272-44e5-b312-dae852a908b1
7853ca23-cfd8-4afd-a42c-49d5b06092d9,Kiều Thu Thảo,11/15/2005 12:00:00 AM,Female,3e39ae18-c272-44e5-b312-dae852a908b1
e5147b0e-3519-4ca4-8a29-bbf9843941ef,Hồ Thúy Thảo,11/21/2004 12:00:00 AM,Female,3e39ae18-c272-44e5-b312-dae852a908b1
1c744ca3-a28c-42a3-8759-977f760e697d,Hồ Xuân Thông,6/6/2005 12:00:00 AM,Male,3e39ae18-c272-44e5-b312-dae852a908b1
102dd5d9-464c-48a0-9852-a7486d3ec832,Phạm Ngọc Giang,7/1/2005 12:00:00 AM,Female,3e39ae18-c272-44e5-b312-dae852a908b1
87a6fe22-4097-4114-9069-ad6d01c7ce19,Lại Thu Hà,8/31/2005 12:00:00 AM,Female,3e39ae18-c272-44e5-b312-dae852a908b1
6d6e9a69-184b-4b6d-8fff-84ce631be755,Trần Ngọc Vân,11/9/2004 12:00:00 AM,Female,3e39ae18-c272-44e5-b312-dae852a908b1
ec33f72a-3c97-467e-97a2-b3d78bf7a142,Phạm Bảo Sơn,4/1/2005 12:00:00 AM,Male,6e6a7af0-f45c-4596-ab04-9565715c7b99
fb43e486-e58f-4054-ad24-7601a19dfe08,Võ Trọng Hiếu,8/15/2001 12:00:00 AM,Male,6e6a7af0-f45c-4596-ab04-9565715c7b99
39f7c47d-95a9-4568-bc3a-54a1a58f9c62,Trần Đoàn Thành,2/18/2001 12:00:00 AM,Male,6e6a7af0-f45c-4596-ab04-9565715c7b99
9e42b9c6-803f-4ef6-802a-3ae048be9624,Bùi Kim Yến,11/21/2001 12:00:00 AM,Female,6e6a7af0-f45c-4596-ab04-9565715c7b99
078a009a-ec8d-4fbc-bd4a-7f33a27bd51e,Võ Thế Thông,5/16/2005 12:00:00 AM,Male,6e6a7af0-f45c-4596-ab04-9565715c7b99
3ce314ef-0605-423f-98a9-47b624464348,Hồ Thanh Kiều,6/17/2001 12:00:00 AM,Female,6e6a7af0-f45c-4596-ab04-9565715c7b99
1bd5c666-73b5-4d61-9d71-0253f481e466,Lê Trường Tuấn,7/11/2004 12:00:00 AM,Male,6e6a7af0-f45c-4596-ab04-9565715c7b99
7cc57a20-1c9c-45a4-80d0-29a49a02ec98,Trần Thu Vân,9/20/2005 12:00:00 AM,Female,6e6a7af0-f45c-4596-ab04-9565715c7b99
5d4f52c3-18e7-4042-bcc0-0bcc8a7cfaab,Nguyễn Bảo Đạt,10/25/2002 12:00:00 AM,Male,6e6a7af0-f45c-4596-ab04-9565715c7b99
6c4b479c-e64e-44f5-8ef1-b09ce70f8f4d,Bùi Xuân Việt,7/27/2002 12:00:00 AM,Male,6e6a7af0-f45c-4596-ab04-9565715c7b99
9eb42794-6559-452e-b25e-02b7a1ab30fe,Nguyễn Tiểu Mai,1/26/2002 12:00:00 AM,Female,6e6a7af0-f45c-4596-ab04-9565715c7b99
3e58cc53-c56a-4171-acb3-ace16dea8c54,Lê Thu Ý,2/24/2004 12:00:00 AM,Female,6e6a7af0-f45c-4596-ab04-9565715c7b99
18d40ac6-4703-416d-a116-b942c1fe0710,Lê Trọng Hiếu,3/10/2001 12:00:00 AM,Male,6e6a7af0-f45c-4596-ab04-9565715c7b99
b8992013-787f-4713-91af-88b20e993cf4,Lý Diệu Giang,11/1/2004 12:00:00 AM,Female,6e6a7af0-f45c-4596-ab04-9565715c7b99
6e621098-33f9-4a6f-8f87-86b1311ae399,Hồ Hoàng Long,11/23/2002 12:00:00 AM,Male,6e6a7af0-f45c-4596-ab04-9565715c7b99
fa846416-b8a4-4049-9ab5-df4d2d3d3a78,Lý Trường Thông,9/5/2001 12:00:00 AM,Male,6e6a7af0-f45c-4596-ab04-9565715c7b99
27c905ee-8f16-46c8-b62a-d35add4c4f9d,Hà Tiểu Vân,9/20/2005 12:00:00 AM,Female,6e6a7af0-f45c-4596-ab04-9565715c7b99
515e6d88-39a8-455d-b047-5be9d59f19c4,Trần Xuân Lan,12/7/2004 12:00:00 AM,Female,6e6a7af0-f45c-4596-ab04-9565715c7b99
f5237175-2d23-48b6-841b-6874d1aab570,Phạm Tử Giang,7/17/2002 12:00:00 AM,Female,6e6a7af0-f45c-4596-ab04-9565715c7b99
17a1a08f-bbe3-464c-b79e-89207c3b078d,Bùi Như Vân,4/22/2001 12:00:00 AM,Female,6e6a7af0-f45c-4596-ab04-9565715c7b99
5180c90d-2b2a-468d-a590-4533cfa4c9df,Đoàn Hoàng Huy,12/26/2002 12:00:00 AM,Male,6e6a7af0-f45c-4596-ab04-9565715c7b99
350a8357-c536-4c20-98e4-c9e976b95fab,Hà Bá Thành,8/17/2002 12:00:00 AM,Male,6e6a7af0-f45c-4596-ab04-9565715c7b99
3daaabbb-e8c4-4cb1-ad85-cfa46702e13a,Hồ Đặng Vy,11/11/2005 12:00:00 AM,Female,6e6a7af0-f45c-4596-ab04-9565715c7b99
691bde14-5cdf-4415-9ba4-aebef8f7933a,Lê Thanh Thi,7/4/2005 12:00:00 AM,Female,6e6a7af0-f45c-4596-ab04-9565715c7b99
1a97a0fa-9078-4da4-a574-a98992350d2e,Lê Ngọc Hà,12/24/2004 12:00:00 AM,Female,6e6a7af0-f45c-4596-ab04-9565715c7b99
41af4744-0af9-4ac8-801b-ae31db28d206,Lê Thị Ý,4/3/2004 12:00:00 AM,Female,6e6a7af0-f45c-4596-ab04-9565715c7b99
c1ec8bef-84a4-4464-8180-b2e450a7bfaf,Hà Trọng Hưng,4/22/2004 12:00:00 AM,Male,6e6a7af0-f45c-4596-ab04-9565715c7b99
2b42a8d9-1f36-4298-8b98-b1967db24e07,Lý Ngọc Thảo,5/13/2005 12:00:00 AM,Female,6e6a7af0-f45c-4596-ab04-9565715c7b99
77e77a83-bfc3-4bb0-898c-ff74245d915d,Lý Bảo Long,9/24/2003 12:00:00 AM,Male,6e6a7af0-f45c-4596-ab04-9565715c7b99
930c7035-0f2a-45ec-8668-941a90e86001,Bùi Bảo Khánh,6/5/2001 12:00:00 AM,Male,6e6a7af0-f45c-4596-ab04-9565715c7b99
b9dc91ab-d891-4d5c-af61-be1df0a57eef,Hà Hoàng Khánh,1/30/2002 12:00:00 AM,Male,6e6a7af0-f45c-4596-ab04-9565715c7b99
5409bfee-3d8f-4394-9603-683bf6e7db17,Phạm Ngọc Ý,6/24/2005 12:00:00 AM,Female,6e6a7af0-f45c-4596-ab04-9565715c7b99
1ea15acf-d1d3-4dbe-b466-3b9ad56e7ae1,Phạm Hoàng Thông,11/10/2003 12:00:00 AM,Male,6e6a7af0-f45c-4596-ab04-9565715c7b99
d2e898c1-b5df-475a-9a00-7268ea8014ba,Hà Tử Kiều,9/8/2003 12:00:00 AM,Female,c2824efa-6427-4e9c-a7ed-587434ed3088
98b843aa-ff30-4aa8-b653-a0ec86c82190,Hà Ngọc Châu,11/27/2005 12:00:00 AM,Female,c2824efa-6427-4e9c-a7ed-587434ed3088
58a66e85-b0fd-43ff-a307-14658c144edc,Hà Tiểu Vân,9/16/2004 12:00:00 AM,Female,c2824efa-6427-4e9c-a7ed-587434ed3088
84803ab9-cacb-4862-aa4e-aeb2494a6844,Trầm Hoàng Vân,7/23/2002 12:00:00 AM,Female,c2824efa-6427-4e9c-a7ed-587434ed3088
4bc92213-9432-4c00-bb4d-2c12a80442be,Nguyễn Hoàng Hiếu,5/10/2005 12:00:00 AM,Male,c2824efa-6427-4e9c-a7ed-587434ed3088
313afc34-6695-4a5d-a5df-5749c836ae8b,Trần Công Đạt,1/7/2004 12:00:00 AM,Male,c2824efa-6427-4e9c-a7ed-587434ed3088
4e85869d-ad58-49d3-93e0-f2d38e20b42d,Nguyễn Văn Thịnh,4/10/2001 12:00:00 AM,Male,c2824efa-6427-4e9c-a7ed-587434ed3088
37c22219-1173-4bb5-8c77-e2e244d48664,Trần Xuân Châu,2/9/2003 12:00:00 AM,Female,c2824efa-6427-4e9c-a7ed-587434ed3088
41d724cc-e37b-47a7-9d87-69516d5a4cb3,Bùi Như Châu,3/21/2003 12:00:00 AM,Female,c2824efa-6427-4e9c-a7ed-587434ed3088
15414161-16c1-49ec-958e-b929462e0972,Phạm Công Dương,7/19/2001 12:00:00 AM,Male,c2824efa-6427-4e9c-a7ed-587434ed3088
cf229ab6-0d10-4518-bf38-f19ef4e574ec,Trần Ngọc Thi,10/22/2001 12:00:00 AM,Female,c2824efa-6427-4e9c-a7ed-587434ed3088
a31130cd-df10-49b0-b473-b20e4638bf2b,Trần Thanh Mai,10/11/2004 12:00:00 AM,Female,c2824efa-6427-4e9c-a7ed-587434ed3088
39870aab-c448-4ff2-9e34-126af3e32897,Phạm Kim Hà,6/27/2002 12:00:00 AM,Female,c2824efa-6427-4e9c-a7ed-587434ed3088
072e4939-168f-46ac-b7e5-c7377d982156,Nguyễn Như Thy,9/19/2002 12:00:00 AM,Female,c2824efa-6427-4e9c-a7ed-587434ed3088
8ce8ad90-6bb4-4e2c-85c8-de472c5b18ab,Lê Thúy Thảo,5/30/2003 12:00:00 AM,Female,c2824efa-6427-4e9c-a7ed-587434ed3088
320d1021-6838-4e70-8345-04feb795a663,Võ Dương Đạt,9/21/2001 12:00:00 AM,Male,c2824efa-6427-4e9c-a7ed-587434ed3088
6212adbb-81f5-446b-bd27-1652e29ebac2,Hồ Đoàn Hoàng,6/23/2002 12:00:00 AM,Male,c2824efa-6427-4e9c-a7ed-587434ed3088
6bd227ee-fc72-455d-8931-d9a67bdb25a0,Lại Dương Thông,2/13/2003 12:00:00 AM,Male,c2824efa-6427-4e9c-a7ed-587434ed3088
3e4e6047-5602-4612-a8cc-d764e0bc93be,Nguyễn Bảo Huy,8/21/2005 12:00:00 AM,Male,c2824efa-6427-4e9c-a7ed-587434ed3088
f58a44ea-e598-4c71-8115-7fdcf7e65247,Đoàn Thu Vy,11/19/2003 12:00:00 AM,Female,c2824efa-6427-4e9c-a7ed-587434ed3088
bfdcd878-8d63-4ba9-b424-13f12a2e0922,Lý Trường Đạt,3/12/2003 12:00:00 AM,Male,c2824efa-6427-4e9c-a7ed-587434ed3088
f17dd633-3b97-4fc3-a244-ec89fabf1091,Phạm Anh Sơn,6/12/2002 12:00:00 AM,Male,c2824efa-6427-4e9c-a7ed-587434ed3088
ae1bf116-c313-42d9-bdcc-0c1cac8d399b,Trần Xuân Vân,9/8/2003 12:00:00 AM,Female,c2824efa-6427-4e9c-a7ed-587434ed3088
dc5607b5-20f8-45d3-9acf-1d9d93e71e0d,Đoàn Như Lan,11/21/2001 12:00:00 AM,Female,c2824efa-6427-4e9c-a7ed-587434ed3088
71e34af9-6097-46a3-899c-d6f5b5bfadae,Hồ Trường Sơn,9/24/2004 12:00:00 AM,Male,c2824efa-6427-4e9c-a7ed-587434ed3088
96cef111-9514-4fae-88d4-69323652456d,Kiều Xuân Sơn,2/21/2005 12:00:00 AM,Male,c2824efa-6427-4e9c-a7ed-587434ed3088
0a43cd16-79b9-4185-9d70-6324b310c152,Trầm Tiểu Kiều,10/28/2005 12:00:00 AM,Female,c2824efa-6427-4e9c-a7ed-587434ed3088
036b3fef-3989-48f8-8041-b4aeed2583c0,Lý Công Hưng,2/7/2002 12:00:00 AM,Male,c2824efa-6427-4e9c-a7ed-587434ed3088
2c68bccd-fb66-4a84-abd4-c2f0a42e511d,Hồ Thanh Hà,2/22/2003 12:00:00 AM,Female,c2824efa-6427-4e9c-a7ed-587434ed3088
a44edd59-272c-4a1e-a50c-9b5ddb71b654,Trần Hoàng Hùng,10/9/2005 12:00:00 AM,Male,c2824efa-6427-4e9c-a7ed-587434ed3088
17e99fa5-1ab5-4232-8e77-e67faf676cea,Kiều Xuân Ý,9/13/2003 12:00:00 AM,Female,c2824efa-6427-4e9c-a7ed-587434ed3088
269af2b3-2611-4c97-8518-009109b33c9d,Nguyễn Trường Hưng,6/9/2004 12:00:00 AM,Male,c2824efa-6427-4e9c-a7ed-587434ed3088
7570d1f6-1a73-4b05-b4b8-83a2bb3463dc,Trầm Ngọc Thảo,4/29/2001 12:00:00 AM,Female,c2824efa-6427-4e9c-a7ed-587434ed3088
02da202f-6a07-445c-87ad-09ced76f5280,Hồ Quỳnh Châu,1/31/2005 12:00:00 AM,Female,c2824efa-6427-4e9c-a7ed-587434ed3088
2d824473-f3ee-4af3-bc2f-129134f272bc,Đoàn Hoàng Long,3/16/2001 12:00:00 AM,Male,a0e26b12-f254-489b-8e47-3c339bcf06f2
8faeabe9-ddbb-40fe-a66a-b51b17305f26,Kiều Kim Hoa,9/20/2005 12:00:00 AM,Female,a0e26b12-f254-489b-8e47-3c339bcf06f2
d4ed623a-10e7-4edc-8ddc-7397fb437858,Lại Minh Huy,2/23/2001 12:00:00 AM,Male,a0e26b12-f254-489b-8e47-3c339bcf06f2
b523c8de-0545-4d94-89f8-1b81aff5f27e,Trầm Tử Giang,3/28/2005 12:00:00 AM,Female,a0e26b12-f254-489b-8e47-3c339bcf06f2
e4dbec31-3555-40ae-a391-7694eda3ff5a,Đoàn Đoàn Long,7/28/2004 12:00:00 AM,Male,a0e26b12-f254-489b-8e47-3c339bcf06f2
a03a1de1-79ed-4bba-8864-2dab4863088e,Lại Xuân Châu,1/22/2002 12:00:00 AM,Female,a0e26b12-f254-489b-8e47-3c339bcf06f2
8eb9ac36-a9a2-43ab-b544-40c66b22774b,Lý Tiểu Ý,8/31/2004 12:00:00 AM,Female,a0e26b12-f254-489b-8e47-3c339bcf06f2
8400abc7-d62e-4325-8709-9bdc5684c823,Nguyễn Anh Huy,11/13/2005 12:00:00 AM,Male,a0e26b12-f254-489b-8e47-3c339bcf06f2
b4080f62-4a2e-4475-80c9-fda62c1e686d,Hồ Công Hưng,1/13/2001 12:00:00 AM,Male,a0e26b12-f254-489b-8e47-3c339bcf06f2
ed5835a4-bb9e-4a3a-b701-eaaafa162a24,Hà Bảo Yến,8/31/2003 12:00:00 AM,Female,a0e26b12-f254-489b-8e47-3c339bcf06f2
1c1ba85b-c1ba-41b9-9e39-247fe9f9f53a,Hà Công Hưng,2/25/2002 12:00:00 AM,Male,a0e26b12-f254-489b-8e47-3c339bcf06f2
fb97ac52-10a6-41fe-86be-77b0d9318fb5,Võ Như Thy,4/4/2005 12:00:00 AM,Female,a0e26b12-f254-489b-8e47-3c339bcf06f2
9b3b950e-2e06-4bb2-8bbd-54f6b325dccf,Võ Nhật Ý,9/14/2002 12:00:00 AM,Female,a0e26b12-f254-489b-8e47-3c339bcf06f2
5b25d7ca-0125-490f-925e-3ba509220bb3,Phạm Xuân Việt,4/29/2003 12:00:00 AM,Male,a0e26b12-f254-489b-8e47-3c339bcf06f2
9dbe07d2-b407-4c30-bd4b-3393421ecb63,Võ Như Châu,10/7/2003 12:00:00 AM,Female,a0e26b12-f254-489b-8e47-3c339bcf06f2
3f5dd6e7-72d5-471a-a38e-fbd5627e82c5,Phạm Đức Hòa,2/11/2005 12:00:00 AM,Male,a0e26b12-f254-489b-8e47-3c339bcf06f2
ff0af7ff-518b-4223-93f3-4701570f4f40,Võ Kim Thi,4/22/2001 12:00:00 AM,Female,a0e26b12-f254-489b-8e47-3c339bcf06f2
59285685-5cdb-4097-8acb-7044b5f1e274,Nguyễn Kim Linh,8/3/2005 12:00:00 AM,Female,a0e26b12-f254-489b-8e47-3c339bcf06f2
e76a6eca-e1d6-40e7-8136-520955d3717d,Kiều Tử Châu,3/30/2004 12:00:00 AM,Female,a0e26b12-f254-489b-8e47-3c339bcf06f2
7879bc5c-c912-4c97-aa5a-2a80787c8b9a,Lê Kim Kiều,8/4/2001 12:00:00 AM,Female,a0e26b12-f254-489b-8e47-3c339bcf06f2
3f59c85e-4af4-43b1-be50-f9faa0a7aa18,Hồ Tử Ý,8/22/2004 12:00:00 AM,Female,a0e26b12-f254-489b-8e47-3c339bcf06f2
7e74add9-2bdf-42e5-a61e-c42705f297a1,Nguyễn Dương Thành,10/14/2001 12:00:00 AM,Male,a0e26b12-f254-489b-8e47-3c339bcf06f2
3f847978-422c-4bc6-9ed1-5b6afffec96d,Lê Minh Thịnh,4/29/2002 12:00:00 AM,Male,a0e26b12-f254-489b-8e47-3c339bcf06f2
3db8e586-0c4a-4e31-9005-1a6f4a915d25,Kiều Như Ý,4/2/2005 12:00:00 AM,Female,a0e26b12-f254-489b-8e47-3c339bcf06f2
ea593e36-fe6c-47f5-beef-345825de8e88,Lý Diệu Thảo,6/1/2001 12:00:00 AM,Female,a0e26b12-f254-489b-8e47-3c339bcf06f2
d697d633-dc50-42b3-a962-19ec982a05cc,Hồ Thu Yến,6/10/2002 12:00:00 AM,Female,a0e26b12-f254-489b-8e47-3c339bcf06f2
b7fdb659-9ca1-45be-b6b2-4faa4a4e9a01,Bùi Bá Hùng,1/12/2002 12:00:00 AM,Male,a0e26b12-f254-489b-8e47-3c339bcf06f2
7a6994f2-4c72-44d7-8b1f-4a70c643f9bd,Phạm Kim Yến,3/11/2005 12:00:00 AM,Female,a0e26b12-f254-489b-8e47-3c339bcf06f2
86564d22-f853-4d5c-816a-7f387629c9d1,Bùi Minh Hiếu,9/2/2001 12:00:00 AM,Male,a0e26b12-f254-489b-8e47-3c339bcf06f2
43d84fff-7fd6-461a-b33f-a32a192f3fdb,Phạm Minh Việt,12/26/2002 12:00:00 AM,Male,a0e26b12-f254-489b-8e47-3c339bcf06f2
ced9d388-eb66-478c-8f1a-27eb8699df42,Trầm Đặng Kiều,8/16/2005 12:00:00 AM,Female,a0e26b12-f254-489b-8e47-3c339bcf06f2
1c70b29a-2fa8-4093-a547-28564a6586d2,Trần Nhật Vy,11/6/2001 12:00:00 AM,Female,a0e26b12-f254-489b-8e47-3c339bcf06f2
dc9139e2-cd14-4f1b-8ded-94e7dbfb6466,Lê Dương Việt,8/13/2001 12:00:00 AM,Male,a0e26b12-f254-489b-8e47-3c339bcf06f2
a5e758c1-f5e4-450f-a687-45d3acaeefed,Phạm Minh Thành,11/15/2002 12:00:00 AM,Male,a0e26b12-f254-489b-8e47-3c339bcf06f2
1d1f1dfa-b58d-4815-9d06-ada7e4800ba4,Phạm Bảo Đạt,10/31/2002 12:00:00 AM,Male,188712d1-fd0c-4158-bdeb-7a7bbc40dfe4
a9af6e32-3f77-4eac-93a8-334826660acb,Kiều Hoàng Hà,5/17/2004 12:00:00 AM,Female,188712d1-fd0c-4158-bdeb-7a7bbc40dfe4
acaa72e2-4c73-4e18-9128-1588eb5ac02d,Lại Bảo Mai,7/16/2001 12:00:00 AM,Female,188712d1-fd0c-4158-bdeb-7a7bbc40dfe4
f2110870-65d1-400e-837a-d7df08e15f22,Hồ Minh Tuấn,4/26/2002 12:00:00 AM,Male,188712d1-fd0c-4158-bdeb-7a7bbc40dfe4
5c554784-b674-48d9-a92e-cec90ad9bddc,Hà Thị Vân,4/5/2002 12:00:00 AM,Female,188712d1-fd0c-4158-bdeb-7a7bbc40dfe4
35459ec0-f935-4c35-bb3f-3e549650a18b,Kiều Diệu Yến,8/30/2001 12:00:00 AM,Female,188712d1-fd0c-4158-bdeb-7a7bbc40dfe4
ae1544ba-87ab-4d68-8031-7a43d188aa25,Nguyễn Kim Vân,8/5/2001 12:00:00 AM,Female,188712d1-fd0c-4158-bdeb-7a7bbc40dfe4
1d3c5f52-0b8d-48c0-877e-cf46e9ae336c,Hồ Bảo Hà,3/4/2004 12:00:00 AM,Female,188712d1-fd0c-4158-bdeb-7a7bbc40dfe4
3b611dea-c5cb-49e5-9798-bcf41a2b1eaf,Hồ Đặng Kiều,11/4/2003 12:00:00 AM,Female,188712d1-fd0c-4158-bdeb-7a7bbc40dfe4
da548465-cecb-40ca-8ecd-444fd918b4f4,Trần Tử Linh,7/27/2005 12:00:00 AM,Female,188712d1-fd0c-4158-bdeb-7a7bbc40dfe4
b90c4551-8d25-4282-8e06-2005f99dadad,Kiều Thu Thi,1/1/2004 12:00:00 AM,Female,188712d1-fd0c-4158-bdeb-7a7bbc40dfe4
b25e5c84-9a15-44d8-b91f-ec730a51ab22,Hồ Tiểu Mai,6/20/2004 12:00:00 AM,Female,188712d1-fd0c-4158-bdeb-7a7bbc40dfe4
1eb51193-82e7-4c5e-9b47-4187c7365af0,Nguyễn Xuân Đạt,4/15/2004 12:00:00 AM,Male,188712d1-fd0c-4158-bdeb-7a7bbc40dfe4
a82c4ad4-c34e-4bb4-a793-c090b88debfb,Lê Thế Huy,10/30/2005 12:00:00 AM,Male,188712d1-fd0c-4158-bdeb-7a7bbc40dfe4
ebb80829-194f-4f31-ac68-711dc524f8c5,Lại Minh Hưng,1/30/2002 12:00:00 AM,Male,188712d1-fd0c-4158-bdeb-7a7bbc40dfe4
44e2face-66ee-44ae-995c-4900845e13ee,Nguyễn Đức Hoàng,5/27/2003 12:00:00 AM,Male,188712d1-fd0c-4158-bdeb-7a7bbc40dfe4
7a941cf3-1b13-45cd-afdf-88cabe1392c0,Lại Nhật Hà,10/10/2001 12:00:00 AM,Female,188712d1-fd0c-4158-bdeb-7a7bbc40dfe4
a19a2858-f1e3-4cb6-9ac4-824aea90ae15,Lý Xuân Kiều,5/5/2003 12:00:00 AM,Female,188712d1-fd0c-4158-bdeb-7a7bbc40dfe4
15aea499-8982-4537-af32-075c49befad7,Võ Thu Mai,11/22/2001 12:00:00 AM,Female,188712d1-fd0c-4158-bdeb-7a7bbc40dfe4
c5378ddc-a8ec-4276-9696-aa2f87fee91a,Nguyễn Trường Việt,4/25/2001 12:00:00 AM,Male,188712d1-fd0c-4158-bdeb-7a7bbc40dfe4
933e5eb7-4784-43cd-a34a-b46472d2507a,Bùi Nhật Kiều,1/6/2001 12:00:00 AM,Female,188712d1-fd0c-4158-bdeb-7a7bbc40dfe4
cf46a4e3-ea39-4a7f-9c7e-9805f63beadc,Đoàn Ngọc Kiều,8/25/2002 12:00:00 AM,Female,188712d1-fd0c-4158-bdeb-7a7bbc40dfe4
e61392be-fd6e-4a4f-b5d0-c806109a16a6,Phạm Trọng Thông,5/23/2005 12:00:00 AM,Male,188712d1-fd0c-4158-bdeb-7a7bbc40dfe4
f26e3414-f31b-44b3-a605-8384a130ec8e,Lý Dương Hưng,4/22/2003 12:00:00 AM,Male,188712d1-fd0c-4158-bdeb-7a7bbc40dfe4
adedcf63-456d-450b-a824-95fbf5ac0785,Trần Xuân Long,11/19/2003 12:00:00 AM,Male,188712d1-fd0c-4158-bdeb-7a7bbc40dfe4
2bc40667-a5cd-4d5e-b509-f681bd3b9ad6,Trần Thúy Hoa,9/10/2003 12:00:00 AM,Female,188712d1-fd0c-4158-bdeb-7a7bbc40dfe4
8a5eb23d-6b43-410a-b7c5-0325b8b623b1,Đoàn Công Khánh,4/13/2001 12:00:00 AM,Male,188712d1-fd0c-4158-bdeb-7a7bbc40dfe4
d59a499a-7b73-4bc1-899c-7076c99d5a81,Kiều Nhật Thi,1/26/2003 12:00:00 AM,Female,188712d1-fd0c-4158-bdeb-7a7bbc40dfe4
08ce4f03-04c5-4365-b986-881a0b30924b,Trầm Công Dương,11/8/2002 12:00:00 AM,Male,188712d1-fd0c-4158-bdeb-7a7bbc40dfe4
7f72d727-9298-49e3-895c-d430d78f17dc,Trần Tử Yến,2/29/2004 12:00:00 AM,Female,188712d1-fd0c-4158-bdeb-7a7bbc40dfe4
9bc12d63-d779-4cef-9da6-2c3f09e5491f,Hà Anh Long,7/30/2004 12:00:00 AM,Male,188712d1-fd0c-4158-bdeb-7a7bbc40dfe4
3c66a493-b0cf-4b38-8071-dbd9bd981270,Nguyễn Công Việt,4/8/2002 12:00:00 AM,Male,188712d1-fd0c-4158-bdeb-7a7bbc40dfe4
d732f924-64f4-41f2-9dab-2cc56b2bfd35,Phạm Thị Kiều,10/26/2002 12:00:00 AM,Female,188712d1-fd0c-4158-bdeb-7a7bbc40dfe4
75615229-a3cc-473e-bbe7-7b726f724654,Kiều Như Mai,9/30/2005 12:00:00 AM,Female,d294b058-e77b-4ea7-81e6-30792b05d129
c8952e3b-ccdb-4491-89b7-33e0b3445c53,Lý Xuân Việt,10/16/2001 12:00:00 AM,Male,d294b058-e77b-4ea7-81e6-30792b05d129
d15eb188-81a1-406b-be1c-ac08164a380c,Trần Thế Thành,8/20/2003 12:00:00 AM,Male,d294b058-e77b-4ea7-81e6-30792b05d129
160a0558-29cf-472e-bbdd-3c6a0a9cdd6c,Phạm Nhật Giang,3/16/2005 12:00:00 AM,Female,d294b058-e77b-4ea7-81e6-30792b05d129
d9b9267b-018f-4ecd-ad84-47273ed512d4,Nguyễn Đức Hùng,9/13/2004 12:00:00 AM,Male,d294b058-e77b-4ea7-81e6-30792b05d129
1fb7a983-38e7-4520-953b-80b8d04cf2c0,Kiều Tử Vy,4/11/2004 12:00:00 AM,Female,d294b058-e77b-4ea7-81e6-30792b05d129
28ede890-6acf-4003-a576-e20c6626ba62,Lý Xuân Hiếu,9/13/2004 12:00:00 AM,Male,d294b058-e77b-4ea7-81e6-30792b05d129
607c9497-ece8-421d-93bf-8018814a2d0b,Trần Đặng Vy,3/1/2002 12:00:00 AM,Female,d294b058-e77b-4ea7-81e6-30792b05d129
0825d062-e74b-44ce-b784-ca5d20dc1379,Kiều Như Hà,12/5/2002 12:00:00 AM,Female,d294b058-e77b-4ea7-81e6-30792b05d129
5e1a7575-4e39-4106-b434-46432902b088,Lại Đức Sơn,9/15/2005 12:00:00 AM,Male,d294b058-e77b-4ea7-81e6-30792b05d129
84c6b665-7c97-42a9-87bd-888cde150ca8,Trầm Trọng Dương,12/14/2001 12:00:00 AM,Male,d294b058-e77b-4ea7-81e6-30792b05d129
9e53dd73-6e4c-453e-9a0a-f46418a5a10c,Trần Ngọc Thy,10/23/2005 12:00:00 AM,Female,d294b058-e77b-4ea7-81e6-30792b05d129
7f46bcdf-db9d-43c0-b1cc-3604d573fa52,Lê Quỳnh Vân,10/9/2002 12:00:00 AM,Female,d294b058-e77b-4ea7-81e6-30792b05d129
53221fc2-e030-4bfc-8a96-c2c77f4e5651,Phạm Xuân Giang,11/20/2002 12:00:00 AM,Female,d294b058-e77b-4ea7-81e6-30792b05d129
7b50b4d8-7feb-4b9a-9ba9-625b403d85a4,Đoàn Ngọc Kiều,11/26/2001 12:00:00 AM,Female,d294b058-e77b-4ea7-81e6-30792b05d129
a004c5d3-b524-4d33-8c0a-10cb66db9493,Lại Tiểu Giang,11/2/2001 12:00:00 AM,Female,d294b058-e77b-4ea7-81e6-30792b05d129
d347cd5d-4b0a-4bd6-b6aa-e656f1123983,Hồ Thu Kiều,4/6/2001 12:00:00 AM,Female,d294b058-e77b-4ea7-81e6-30792b05d129
b49832a2-9182-438e-a874-bd19cbae78fe,Lý Anh Hiếu,1/23/2003 12:00:00 AM,Male,d294b058-e77b-4ea7-81e6-30792b05d129
932058cc-719e-4157-a21c-e4b898762c89,Bùi Anh Việt,1/13/2002 12:00:00 AM,Male,d294b058-e77b-4ea7-81e6-30792b05d129
ed9f588a-2e56-4cf6-b203-b2fc3a48429e,Nguyễn Xuân Thịnh,4/15/2001 12:00:00 AM,Male,d294b058-e77b-4ea7-81e6-30792b05d129
3fe9df0d-7915-4a5a-88cc-e597c8d49b50,Bùi Trọng Thông,11/16/2002 12:00:00 AM,Male,d294b058-e77b-4ea7-81e6-30792b05d129
2b88f908-5bfd-4f0a-bd27-88e28f14ae91,Trần Trọng Việt,4/27/2004 12:00:00 AM,Male,d294b058-e77b-4ea7-81e6-30792b05d129
8fefa99a-6045-4c7f-bf08-9cc56ee4522b,Lê Bá Hưng,6/11/2003 12:00:00 AM,Male,d294b058-e77b-4ea7-81e6-30792b05d129
a07766bd-9c5e-4d13-a8ce-4b09c13e8866,Bùi Kim Vân,4/1/2002 12:00:00 AM,Female,d294b058-e77b-4ea7-81e6-30792b05d129
3098d347-8f0d-4b55-bacb-0ee4a3732855,Nguyễn Thế Việt,5/1/2001 12:00:00 AM,Male,d294b058-e77b-4ea7-81e6-30792b05d129
39ca8e08-ebea-4677-9c9a-5ad254a65b54,Phạm Công Sơn,1/17/2001 12:00:00 AM,Male,d294b058-e77b-4ea7-81e6-30792b05d129
5b8143d0-299e-4b4c-9837-e9ed81638e26,Lê Tử Thảo,4/27/2005 12:00:00 AM,Female,d294b058-e77b-4ea7-81e6-30792b05d129
25018e18-1f6d-45dc-831b-3815af366a21,Hà Thị Châu,1/1/2001 12:00:00 AM,Female,d294b058-e77b-4ea7-81e6-30792b05d129
55cd1519-e082-4c13-99a4-268c732a95c1,Võ Tiểu Thi,7/7/2003 12:00:00 AM,Female,d294b058-e77b-4ea7-81e6-30792b05d129
3f73d618-f444-4754-a247-810e32b1ca6b,Trần Đặng Vy,9/2/2002 12:00:00 AM,Female,d294b058-e77b-4ea7-81e6-30792b05d129
400367dd-456b-4ab9-a6f4-81a37c3a5677,Lý Đức Thành,4/21/2005 12:00:00 AM,Male,d294b058-e77b-4ea7-81e6-30792b05d129
95a6f581-902c-4f91-b7d8-51cf1445bbfa,Lê Anh Tuấn,3/26/2005 12:00:00 AM,Male,d294b058-e77b-4ea7-81e6-30792b05d129
ee369b34-8dc8-45f5-9e78-ad7c8a84fd29,Đoàn Thanh Yến,1/4/2003 12:00:00 AM,Female,d294b058-e77b-4ea7-81e6-30792b05d129
b9c4292b-a285-4777-9b47-a9fef204df33,Trầm Bảo Thành,9/30/2001 12:00:00 AM,Male,d294b058-e77b-4ea7-81e6-30792b05d129
20ce138b-7acf-4c99-b7f8-becd3ef7801c,Đoàn Bá Thông,1/11/2003 12:00:00 AM,Male,1db1edc4-a44d-491d-8df1-f75c40a983c2
543f4045-02e6-4f76-92d7-f1d93dc9d939,Nguyễn Nhật Hà,11/24/2004 12:00:00 AM,Female,1db1edc4-a44d-491d-8df1-f75c40a983c2
eb8dc09c-b83b-4bfd-9573-f4beabf04569,Đoàn Dương Huy,8/29/2003 12:00:00 AM,Male,1db1edc4-a44d-491d-8df1-f75c40a983c2
ad05ad1f-db66-41b4-b6eb-8fffd7d70d2f,Võ Ngọc Châu,1/16/2004 12:00:00 AM,Female,1db1edc4-a44d-491d-8df1-f75c40a983c2
a84c25b6-264a-4edf-b0d4-6dec898e6913,Trần Bảo Vân,6/25/2005 12:00:00 AM,Female,1db1edc4-a44d-491d-8df1-f75c40a983c2
9aee3e74-fac9-4512-a56d-9368b55c5a8a,Võ Đoàn Long,10/4/2003 12:00:00 AM,Male,1db1edc4-a44d-491d-8df1-f75c40a983c2
6d83f983-3c44-479b-8234-0021554adef3,Lại Nhật Linh,2/9/2004 12:00:00 AM,Female,1db1edc4-a44d-491d-8df1-f75c40a983c2
0a8b319d-ba5c-4b42-982a-573430593c0a,Kiều Như Linh,4/24/2002 12:00:00 AM,Female,1db1edc4-a44d-491d-8df1-f75c40a983c2
de081c73-632f-4f62-a3da-514e68f10850,Kiều Anh Khánh,10/17/2003 12:00:00 AM,Male,1db1edc4-a44d-491d-8df1-f75c40a983c2
e812bb76-574d-47b1-a09a-0075bafd10c5,Lý Nhật Thảo,11/16/2003 12:00:00 AM,Female,1db1edc4-a44d-491d-8df1-f75c40a983c2
4c8e1956-32b0-4135-9eaa-ba0c17ac85c7,Trần Dương Hùng,4/9/2001 12:00:00 AM,Male,1db1edc4-a44d-491d-8df1-f75c40a983c2
51447d69-23a8-41b3-ba66-7e108746ab08,Trần Hoàng Hưng,6/15/2002 12:00:00 AM,Male,1db1edc4-a44d-491d-8df1-f75c40a983c2
f86e8191-7179-4095-85ea-28a833194273,Phạm Xuân Thông,11/3/2001 12:00:00 AM,Male,1db1edc4-a44d-491d-8df1-f75c40a983c2
8f0a6bd7-d00c-4eed-98d9-ec0b3d4c5abc,Lý Thế Thành,2/27/2001 12:00:00 AM,Male,1db1edc4-a44d-491d-8df1-f75c40a983c2
e2e6ae9f-b8cd-4a61-8734-8c11b22d934e,Trần Thị Mai,2/8/2003 12:00:00 AM,Female,1db1edc4-a44d-491d-8df1-f75c40a983c2
d3def8d4-cd99-4b32-ad28-3fe04cf00b26,Phạm Như Yến,4/15/2004 12:00:00 AM,Female,1db1edc4-a44d-491d-8df1-f75c40a983c2
12aa0893-a06a-47ee-9670-91d1a6d4890f,Hồ Thị Hoa,7/6/2002 12:00:00 AM,Female,1db1edc4-a44d-491d-8df1-f75c40a983c2
4419052e-e1d9-4d6c-b335-1becf3bc5fad,Nguyễn Thị Hoa,10/29/2005 12:00:00 AM,Female,1db1edc4-a44d-491d-8df1-f75c40a983c2
6a88dfea-e0a9-4c70-b46f-9bccca3a0637,Trần Xuân Hòa,7/10/2005 12:00:00 AM,Male,1db1edc4-a44d-491d-8df1-f75c40a983c2
1b0d9190-f9e5-429c-ad64-adcc01578f6e,Lý Bảo Hà,1/20/2001 12:00:00 AM,Female,1db1edc4-a44d-491d-8df1-f75c40a983c2
5ef355bf-a435-4e24-91b5-a7c83d2dc9e0,Trầm Thị Thảo,1/13/2004 12:00:00 AM,Female,1db1edc4-a44d-491d-8df1-f75c40a983c2
9bb2b8de-aca3-4688-8784-b8b06b032b7f,Hồ Thu Kiều,3/29/2005 12:00:00 AM,Female,1db1edc4-a44d-491d-8df1-f75c40a983c2
03d0ce4d-d38b-41f0-b1e5-c078564afa83,Lê Đức Huy,8/13/2004 12:00:00 AM,Male,1db1edc4-a44d-491d-8df1-f75c40a983c2
1b0c1230-a0e1-4a07-aa27-5c2efa5aae37,Hà Đoàn Huy,7/14/2002 12:00:00 AM,Male,1db1edc4-a44d-491d-8df1-f75c40a983c2
7d3444b7-43e1-413c-ae86-387f11d7f4e3,Lê Công Đạt,11/25/2001 12:00:00 AM,Male,1db1edc4-a44d-491d-8df1-f75c40a983c2
3d42ca01-39ac-4385-abd3-870cfd6c176a,Lý Đức Thịnh,11/11/2001 12:00:00 AM,Male,1db1edc4-a44d-491d-8df1-f75c40a983c2
0ac0eb7b-4022-47fc-9ad4-a57bb2c5d7be,Trầm Đặng Kiều,1/17/2004 12:00:00 AM,Female,1db1edc4-a44d-491d-8df1-f75c40a983c2
658c101b-862e-47c5-b27c-0ad2aa666e01,Đoàn Tiểu Thảo,4/25/2003 12:00:00 AM,Female,1db1edc4-a44d-491d-8df1-f75c40a983c2
749f5b80-0db8-4a8e-a2bd-205c0435970d,Hà Dương Hiếu,7/19/2005 12:00:00 AM,Male,1db1edc4-a44d-491d-8df1-f75c40a983c2
08c07cf7-8596-4a7b-b72b-174be2e0989e,Đoàn Tiểu Lan,9/19/2004 12:00:00 AM,Female,1db1edc4-a44d-491d-8df1-f75c40a983c2
d1299385-b17c-4bc8-a253-516a8d35d55f,Lê Đoàn Dương,1/5/2003 12:00:00 AM,Male,1db1edc4-a44d-491d-8df1-f75c40a983c2
263c5e8b-a21a-408e-9e0d-ffcd4b14c8a2,Lê Tiểu Mai,1/24/2001 12:00:00 AM,Female,1db1edc4-a44d-491d-8df1-f75c40a983c2
dbc6f209-8f2b-4d9f-b6cc-f296ee91edc4,Lại Hoàng Hùng,6/6/2004 12:00:00 AM,Male,1db1edc4-a44d-491d-8df1-f75c40a983c2
81629319-1e7b-41ca-bb97-9991adf318b7,Võ Minh Đạt,11/17/2001 12:00:00 AM,Male,45b78958-78e7-4a7a-8402-043f9c377000
29265c61-9a60-4595-b871-94fef0c0de28,Nguyễn Tiểu Ý,10/10/2002 12:00:00 AM,Female,45b78958-78e7-4a7a-8402-043f9c377000
65786036-5388-4071-857b-8255dbd323d4,Lê Tiểu Giang,2/14/2003 12:00:00 AM,Female,45b78958-78e7-4a7a-8402-043f9c377000
9df335e1-e1fb-4132-b5f1-6d3af4734ecb,Bùi Tử Hà,5/26/2004 12:00:00 AM,Female,45b78958-78e7-4a7a-8402-043f9c377000
97b43c20-7197-43da-925c-e7cc8917cf35,Nguyễn Trọng Long,2/1/2000 12:00:00 AM,Male,45b78958-78e7-4a7a-8402-043f9c377000
45973bc8-a1e2-4c6d-859e-0a9edfe71681,Nguyễn Hoàng Thịnh,12/27/2002 12:00:00 AM,Male,45b78958-78e7-4a7a-8402-043f9c377000
12217164-4d2e-49e5-bb16-314e707e02c3,Võ Quỳnh Châu,10/23/2002 12:00:00 AM,Female,45b78958-78e7-4a7a-8402-043f9c377000
2177965c-c51a-4670-8dc9-3103b4415c79,Lê Thu Yến,11/20/2004 12:00:00 AM,Female,45b78958-78e7-4a7a-8402-043f9c377000
d8d502c7-5c4f-4a69-9c74-a35c9b5932d5,Đoàn Thanh Mai,5/6/2000 12:00:00 AM,Female,45b78958-78e7-4a7a-8402-043f9c377000
7573e715-0199-469d-8896-1ea371aa4846,Đoàn Ngọc Mai,5/1/2003 12:00:00 AM,Female,45b78958-78e7-4a7a-8402-043f9c377000
4d12bfc5-1b11-4035-a5c4-b47cd512e571,Trầm Thu Yến,3/6/2001 12:00:00 AM,Female,45b78958-78e7-4a7a-8402-043f9c377000
881cba57-c75b-45d7-9cea-3f03c441b484,Đoàn Xuân Hùng,10/12/2000 12:00:00 AM,Male,45b78958-78e7-4a7a-8402-043f9c377000
b53048a4-2588-491b-bab2-066c3a042157,Kiều Như Ý,3/21/2003 12:00:00 AM,Female,45b78958-78e7-4a7a-8402-043f9c377000
10a6197e-4c36-483f-b345-6c9d6c89b5e5,Nguyễn Như Linh,2/5/2000 12:00:00 AM,Female,45b78958-78e7-4a7a-8402-043f9c377000
b83f1f09-1d15-4ef7-87e3-015a2e5b871a,Nguyễn Bảo Huy,1/1/2000 12:00:00 AM,Male,45b78958-78e7-4a7a-8402-043f9c377000
0dbcd116-45f5-42ec-bda8-247eeb382c10,Hồ Ngọc Thảo,4/13/2004 12:00:00 AM,Female,45b78958-78e7-4a7a-8402-043f9c377000
5733ed2f-4bd6-4086-900b-5d3d16c7eeab,Hà Thế Hưng,6/13/2004 12:00:00 AM,Male,45b78958-78e7-4a7a-8402-043f9c377000
e770feaa-01df-409e-b8fe-97d844c80fed,Đoàn Văn Thành,5/27/2004 12:00:00 AM,Male,45b78958-78e7-4a7a-8402-043f9c377000
c631b8a9-e179-4c73-87dc-702d63a27c14,Hồ Diệu Thảo,8/24/2004 12:00:00 AM,Female,45b78958-78e7-4a7a-8402-043f9c377000
096a3dbe-32f4-430b-b239-337e0af7a7da,Bùi Anh Việt,2/9/2004 12:00:00 AM,Male,45b78958-78e7-4a7a-8402-043f9c377000
96f98432-100d-408f-b8af-8ba715b39021,Phạm Đoàn Hưng,9/28/2004 12:00:00 AM,Male,45b78958-78e7-4a7a-8402-043f9c377000
8d06132f-5ab4-463e-b07f-1d68ca17348f,Hồ Thúy Thi,5/8/2002 12:00:00 AM,Female,45b78958-78e7-4a7a-8402-043f9c377000
98ba9e7e-f379-43d2-8178-1c99c1681ba2,Đoàn Minh Đạt,10/6/2003 12:00:00 AM,Male,45b78958-78e7-4a7a-8402-043f9c377000
bd57957c-e7b7-4ae0-a153-33cd1f9a7452,Trầm Tử Hoa,5/30/2000 12:00:00 AM,Female,45b78958-78e7-4a7a-8402-043f9c377000
03fd2110-0d00-42e2-b31b-82feff89d78d,Đoàn Diệu Mai,8/17/2000 12:00:00 AM,Female,45b78958-78e7-4a7a-8402-043f9c377000
7c7f61c4-237f-4675-a602-f91322967cbb,Hồ Minh Tuấn,7/27/2004 12:00:00 AM,Male,45b78958-78e7-4a7a-8402-043f9c377000
2482f9d1-89b3-4b3d-839f-dcf5b7e9f5b3,Phạm Ngọc Thảo,7/31/2001 12:00:00 AM,Female,45b78958-78e7-4a7a-8402-043f9c377000
b8eb5fcc-c005-4366-9fee-b4add6ca93f8,Trần Tử Ý,12/11/2000 12:00:00 AM,Female,45b78958-78e7-4a7a-8402-043f9c377000
7303d2b6-4e22-43a9-9eb9-7e2de1c29400,Hà Trường Thịnh,2/14/2003 12:00:00 AM,Male,45b78958-78e7-4a7a-8402-043f9c377000
fbec1726-b4c2-42e9-be94-778c5707fb1f,Lý Trọng Việt,10/25/2001 12:00:00 AM,Male,45b78958-78e7-4a7a-8402-043f9c377000
6248d92b-0845-44ff-9fa2-0930e8f3cb2b,Lại Thúy Kiều,8/27/2003 12:00:00 AM,Female,45b78958-78e7-4a7a-8402-043f9c377000
5656070e-9647-4453-9acb-a4d7bcb69a2e,Lý Thanh Hoa,7/7/2004 12:00:00 AM,Female,45b78958-78e7-4a7a-8402-043f9c377000
bab5d9a3-c203-4acf-a5a8-c0b9f431cf97,Nguyễn Nhật Thảo,11/28/2001 12:00:00 AM,Female,45b78958-78e7-4a7a-8402-043f9c377000
dac6fb86-6efb-496f-8940-ad0bb9038538,Đoàn Trọng Thịnh,7/10/2000 12:00:00 AM,Male,1e710cb1-94c5-4c0a-aa31-5817d889202e
d8219196-be3a-491a-9be3-8d861bf45486,Trần Thanh Hoa,8/19/2001 12:00:00 AM,Female,1e710cb1-94c5-4c0a-aa31-5817d889202e
a8069552-7240-4954-a6be-3859b07f451d,Lê Tiểu Ý,10/5/2003 12:00:00 AM,Female,1e710cb1-94c5-4c0a-aa31-5817d889202e
2f3c5853-80a6-43ed-b88b-48b525019747,Trần Hoàng Hiếu,6/30/2003 12:00:00 AM,Male,1e710cb1-94c5-4c0a-aa31-5817d889202e
000629fe-ef73-492a-9828-ac410681d6aa,Lý Diệu Yến,10/14/2002 12:00:00 AM,Female,1e710cb1-94c5-4c0a-aa31-5817d889202e
cc002357-36d9-4519-a32c-d4a4c7ef2e24,Nguyễn Trọng Thông,7/4/2001 12:00:00 AM,Male,1e710cb1-94c5-4c0a-aa31-5817d889202e
7d63ab40-72ee-4df3-b9ce-2117958e5191,Trầm Xuân Dương,12/3/2002 12:00:00 AM,Male,1e710cb1-94c5-4c0a-aa31-5817d889202e
d9f22b1b-c976-4ea5-8d10-6b8ab016d100,Nguyễn Đặng Vy,2/14/2003 12:00:00 AM,Female,1e710cb1-94c5-4c0a-aa31-5817d889202e
55dcf2e6-94c1-461c-bedd-e5572bd75314,Hồ Văn Hưng,3/17/2000 12:00:00 AM,Male,1e710cb1-94c5-4c0a-aa31-5817d889202e
5eee0e65-13dc-4425-b033-df90ff35a49c,Trầm Trọng Thịnh,9/19/2002 12:00:00 AM,Male,1e710cb1-94c5-4c0a-aa31-5817d889202e
7bcbd1cb-d019-4371-a936-0a906fd5cb6e,Lê Thanh Linh,3/24/2000 12:00:00 AM,Female,1e710cb1-94c5-4c0a-aa31-5817d889202e
60ab1cc2-651c-4192-9f07-33b0ba539c53,Lê Bảo Thịnh,2/18/2003 12:00:00 AM,Male,1e710cb1-94c5-4c0a-aa31-5817d889202e
080257f3-e864-410d-9a7c-3c0bda64b9aa,Phạm Quỳnh Châu,7/9/2003 12:00:00 AM,Female,1e710cb1-94c5-4c0a-aa31-5817d889202e
f5db07f6-62e6-4096-8f06-7b357b1bd4ae,Bùi Hoàng Lan,2/27/2000 12:00:00 AM,Female,1e710cb1-94c5-4c0a-aa31-5817d889202e
e843cb42-0834-47ca-a9eb-8da9f2c1195c,Hồ Thị Mai,6/28/2002 12:00:00 AM,Female,1e710cb1-94c5-4c0a-aa31-5817d889202e
2a88fa01-ed71-41cf-8407-b2846a0a6fed,Đoàn Hoàng Tuấn,10/25/2000 12:00:00 AM,Male,1e710cb1-94c5-4c0a-aa31-5817d889202e
85c55bb4-421b-4f2b-8fd8-b4d2b1888023,Nguyễn Diệu Thy,3/25/2004 12:00:00 AM,Female,1e710cb1-94c5-4c0a-aa31-5817d889202e
c9b044c5-159a-45a7-b891-912dffe5eac6,Nguyễn Bá Huy,4/24/2004 12:00:00 AM,Male,1e710cb1-94c5-4c0a-aa31-5817d889202e
e42cef75-8e8c-4c94-9d06-9f71738b65cf,Võ Thúy Mai,2/17/2003 12:00:00 AM,Female,1e710cb1-94c5-4c0a-aa31-5817d889202e
86abdf7f-7dbd-4579-bc83-cd442a4bf9b5,Võ Bá Hoàng,1/13/2003 12:00:00 AM,Male,1e710cb1-94c5-4c0a-aa31-5817d889202e
7585ae66-a6bb-423d-b294-010d52b19cc4,Lê Trường Huy,3/27/2000 12:00:00 AM,Male,1e710cb1-94c5-4c0a-aa31-5817d889202e
0f9605ea-1588-4fb9-beb6-0889938e7631,Trần Thu Yến,1/15/2004 12:00:00 AM,Female,1e710cb1-94c5-4c0a-aa31-5817d889202e
728e4eca-e3a3-4ec1-b3ad-2a52bef5eefe,Lê Minh Huy,4/21/2003 12:00:00 AM,Male,1e710cb1-94c5-4c0a-aa31-5817d889202e
5b09a21a-e3d2-498e-a390-96f00c9ff0da,Nguyễn Diệu Yến,7/10/2004 12:00:00 AM,Female,1e710cb1-94c5-4c0a-aa31-5817d889202e
ba9ee09e-8cd1-4c45-9ed1-8c5c5a848d37,Bùi Hoàng Dương,9/18/2004 12:00:00 AM,Male,1e710cb1-94c5-4c0a-aa31-5817d889202e
ac5c3709-a58e-4c2f-bead-cda3d4e22aaa,Kiều Bảo Thành,3/14/2002 12:00:00 AM,Male,1e710cb1-94c5-4c0a-aa31-5817d889202e
c02cc15f-51c8-44b6-8434-9ce11c94f13a,Võ Đặng Lan,10/24/2000 12:00:00 AM,Female,1e710cb1-94c5-4c0a-aa31-5817d889202e
bb331462-432a-43e3-8c19-3a0378db7afb,Trầm Nhật Giang,9/23/2002 12:00:00 AM,Female,1e710cb1-94c5-4c0a-aa31-5817d889202e
ad091a2c-c143-4210-9c30-30b0920dab54,Hồ Dương Huy,7/21/2004 12:00:00 AM,Male,1e710cb1-94c5-4c0a-aa31-5817d889202e
d9591a0f-ad7a-4c42-9db1-e519888355b2,Hà Bảo Linh,7/6/2002 12:00:00 AM,Female,1e710cb1-94c5-4c0a-aa31-5817d889202e
942552a2-4312-4f11-b00e-bcd19b74f1af,Hà Thu Linh,7/22/2000 12:00:00 AM,Female,1e710cb1-94c5-4c0a-aa31-5817d889202e
a43abbdc-d85c-4932-83ff-06cff17d2bb5,Trần Như Ý,1/19/2001 12:00:00 AM,Female,1e710cb1-94c5-4c0a-aa31-5817d889202e
1e0b2917-b820-424c-99f1-b9f782c76b63,Võ Đặng Vy,10/9/2003 12:00:00 AM,Female,d93b29ea-ddc1-4a66-96af-24adbfdb647f
ef0fe87f-b6da-4409-bb1c-b8a9ff29d83d,Kiều Đức Hòa,3/28/2002 12:00:00 AM,Male,d93b29ea-ddc1-4a66-96af-24adbfdb647f
4bdd1acd-f394-4871-9375-584b2fd1790c,Đoàn Trọng Tuấn,8/25/2003 12:00:00 AM,Male,d93b29ea-ddc1-4a66-96af-24adbfdb647f
56e88ad6-772b-476c-a4a0-8cd323e93b8d,Kiều Kim Thi,7/22/2000 12:00:00 AM,Female,d93b29ea-ddc1-4a66-96af-24adbfdb647f
2334c098-7ee0-44aa-95e4-cd728177cbff,Đoàn Nhật Mai,2/24/2002 12:00:00 AM,Female,d93b29ea-ddc1-4a66-96af-24adbfdb647f
c9d68b9a-d445-414d-81a2-b551e4c3be44,Nguyễn Tử Thi,6/28/2003 12:00:00 AM,Female,d93b29ea-ddc1-4a66-96af-24adbfdb647f
0119edb8-0477-4732-ab40-da05f30682cf,Lý Thế Hiếu,2/19/2000 12:00:00 AM,Male,d93b29ea-ddc1-4a66-96af-24adbfdb647f
7c4d5c4c-787c-4302-88e8-bd41bdc83e9e,Trần Xuân Khánh,4/24/2003 12:00:00 AM,Male,d93b29ea-ddc1-4a66-96af-24adbfdb647f
0c3e4103-082d-43f1-ab0e-4c1f3f29aada,Lê Thúy Giang,4/11/2002 12:00:00 AM,Female,d93b29ea-ddc1-4a66-96af-24adbfdb647f
6a86de60-b9b9-4dad-857a-ff25d2c2a492,Bùi Kim Vy,5/30/2001 12:00:00 AM,Female,d93b29ea-ddc1-4a66-96af-24adbfdb647f
50954eb1-5957-40f4-9832-ba8ec09520cc,Lê Thu Mai,4/17/2000 12:00:00 AM,Female,d93b29ea-ddc1-4a66-96af-24adbfdb647f
0a54d2a5-3c22-46f9-ac81-32b6e4068791,Trần Hoàng Dương,3/12/2000 12:00:00 AM,Male,d93b29ea-ddc1-4a66-96af-24adbfdb647f
bdc87437-2350-4c02-9505-e7508d88270a,Lê Đức Huy,4/9/2002 12:00:00 AM,Male,d93b29ea-ddc1-4a66-96af-24adbfdb647f
dc408f8f-7c1e-4384-a0ac-86e14a8ec3bc,Lý Công Hùng,3/22/2003 12:00:00 AM,Male,d93b29ea-ddc1-4a66-96af-24adbfdb647f
9e12db80-4a0b-408d-a0d7-e4e14b13d3c6,Hà Tử Mai,7/26/2001 12:00:00 AM,Female,d93b29ea-ddc1-4a66-96af-24adbfdb647f
dd9bcd98-ccdb-47bd-9e80-74caa226afc5,Đoàn Tử Mai,2/24/2001 12:00:00 AM,Female,d93b29ea-ddc1-4a66-96af-24adbfdb647f
0ba07170-c532-4e43-9173-38173f1ef204,Lại Tiểu Kiều,8/1/2000 12:00:00 AM,Female,d93b29ea-ddc1-4a66-96af-24adbfdb647f
3770e38e-a3c4-4191-ab30-5624fcde9fba,Hồ Anh Đạt,5/25/2004 12:00:00 AM,Male,d93b29ea-ddc1-4a66-96af-24adbfdb647f
4e41bab8-38e5-4d9c-a503-b3740a036239,Lê Nhật Châu,4/18/2004 12:00:00 AM,Female,d93b29ea-ddc1-4a66-96af-24adbfdb647f
55f98998-4a56-4a48-8ace-9ecad4990d16,Hà Ngọc Kiều,3/10/2001 12:00:00 AM,Female,d93b29ea-ddc1-4a66-96af-24adbfdb647f
838a1d0c-7d3c-4d39-8285-80b6ac08baf6,Nguyễn Quỳnh Vy,3/16/2000 12:00:00 AM,Female,d93b29ea-ddc1-4a66-96af-24adbfdb647f
1c21e655-91a3-4709-9028-f5278689b9fe,Trầm Dương Hiếu,3/20/2001 12:00:00 AM,Male,d93b29ea-ddc1-4a66-96af-24adbfdb647f
38155688-5647-4e0d-9718-d83c1a0ff8b2,Trầm Kim Thi,12/1/2001 12:00:00 AM,Female,d93b29ea-ddc1-4a66-96af-24adbfdb647f
56f35ad2-bf52-413d-8029-50e65d70ed8d,Trần Anh Tuấn,2/15/2003 12:00:00 AM,Male,d93b29ea-ddc1-4a66-96af-24adbfdb647f
1c98a79d-b730-428d-9df3-b2c6f078c54d,Hà Bảo Lan,9/29/2003 12:00:00 AM,Female,d93b29ea-ddc1-4a66-96af-24adbfdb647f
5fe34c9b-76a9-4637-b2c7-cee9fa3cc2ef,Võ Trọng Khánh,6/6/2002 12:00:00 AM,Male,d93b29ea-ddc1-4a66-96af-24adbfdb647f
bad84dbf-bd49-4671-8fca-3ee31bacab3d,Phạm Văn Khánh,9/24/2004 12:00:00 AM,Male,d93b29ea-ddc1-4a66-96af-24adbfdb647f
dac4f44d-52fc-4a66-aeaa-663a6640534b,Phạm Thu Thảo,3/4/2004 12:00:00 AM,Female,d93b29ea-ddc1-4a66-96af-24adbfdb647f
d99467b8-064f-4bed-b5b6-4b0e003c6edd,Lý Như Yến,11/1/2002 12:00:00 AM,Female,d93b29ea-ddc1-4a66-96af-24adbfdb647f
23a307e4-d83f-42d3-b390-911159c3e936,Trần Quỳnh Hoa,1/10/2004 12:00:00 AM,Female,d93b29ea-ddc1-4a66-96af-24adbfdb647f
47e86a70-0e28-4791-a612-f1b260e5be0b,Hồ Diệu Lan,11/12/2001 12:00:00 AM,Female,d93b29ea-ddc1-4a66-96af-24adbfdb647f
c61795a0-9820-4118-9313-ca6e6ee70ca8,Võ Bảo Thi,10/20/2003 12:00:00 AM,Female,d93b29ea-ddc1-4a66-96af-24adbfdb647f
9b8e4ad8-fe5d-42f8-b23e-ed590e0c119b,Lý Minh Dương,9/6/2001 12:00:00 AM,Male,d93b29ea-ddc1-4a66-96af-24adbfdb647f
a593d46b-ad69-4dc2-8097-a0f02d0acbad,Hà Bảo Vy,12/23/2003 12:00:00 AM,Female,62de9512-3f26-43e2-96bb-73d53aa15e46
2fb3ac84-7812-4627-83df-37be6b56848c,Võ Thu Giang,2/29/2000 12:00:00 AM,Female,62de9512-3f26-43e2-96bb-73d53aa15e46
566ff1f3-fb88-4eb3-88b4-dd44eb3c95d2,Trầm Công Hòa,2/26/2003 12:00:00 AM,Male,62de9512-3f26-43e2-96bb-73d53aa15e46
b5c19116-aebf-48cb-8472-b437ee2e954c,Hà Nhật Linh,8/17/2002 12:00:00 AM,Female,62de9512-3f26-43e2-96bb-73d53aa15e46
92e33f50-6d4a-4326-b925-e4a8fd9db0f0,Hà Bảo Đạt,2/13/2002 12:00:00 AM,Male,62de9512-3f26-43e2-96bb-73d53aa15e46
e6c9126c-d0f2-4251-94b8-fcd90ae717c8,Hà Trường Hoàng,10/31/2004 12:00:00 AM,Male,62de9512-3f26-43e2-96bb-73d53aa15e46
5aa4b3b5-94c4-4f8b-b23c-bc7812c9fda5,Nguyễn Ngọc Thy,5/1/2002 12:00:00 AM,Female,62de9512-3f26-43e2-96bb-73d53aa15e46
d4253856-a3d2-453b-a9e8-f87b360885ae,Lại Bảo Thông,9/22/2001 12:00:00 AM,Male,62de9512-3f26-43e2-96bb-73d53aa15e46
bf1c1603-491d-4014-ad3e-77da7d0dfddb,Đoàn Trọng Long,3/7/2003 12:00:00 AM,Male,62de9512-3f26-43e2-96bb-73d53aa15e46
d8f05af9-4f1a-441d-bc87-4f5a215b61bf,Kiều Diệu Giang,9/6/2003 12:00:00 AM,Female,62de9512-3f26-43e2-96bb-73d53aa15e46
9e8fc1c4-667d-4382-9d2f-8deb515b9c04,Hà Như Yến,3/25/2000 12:00:00 AM,Female,62de9512-3f26-43e2-96bb-73d53aa15e46
717b03f4-5ced-465c-98dc-7494d83bf102,Nguyễn Tiểu Giang,4/19/2000 12:00:00 AM,Female,62de9512-3f26-43e2-96bb-73d53aa15e46
ef3051cb-5004-4072-8a5f-a463ca7fe13b,Lý Thu Ý,9/1/2000 12:00:00 AM,Female,62de9512-3f26-43e2-96bb-73d53aa15e46
ca1ba9ea-89b2-44ef-92d9-3929c45a656d,Võ Bảo Kiều,9/27/2004 12:00:00 AM,Female,62de9512-3f26-43e2-96bb-73d53aa15e46
cd5bfe04-7f6c-417d-befc-b9c91177d2e2,Kiều Ngọc Hoa,5/4/2002 12:00:00 AM,Female,62de9512-3f26-43e2-96bb-73d53aa15e46
c738143e-a22b-474d-856f-327622d002d7,Hà Đức Thành,11/5/2002 12:00:00 AM,Male,62de9512-3f26-43e2-96bb-73d53aa15e46
8052131d-cd87-4696-84cf-c5118f438dc7,Bùi Tử Vân,5/14/2003 12:00:00 AM,Female,62de9512-3f26-43e2-96bb-73d53aa15e46
5763244c-a170-4f22-8444-a783bb760077,Lý Tử Châu,12/22/2003 12:00:00 AM,Female,62de9512-3f26-43e2-96bb-73d53aa15e46
16830084-e83f-444b-ace6-a8e04e7a60ef,Lý Kim Yến,12/14/2002 12:00:00 AM,Female,62de9512-3f26-43e2-96bb-73d53aa15e46
957dbd70-6dd4-4c83-9c62-64628b6e796d,Đoàn Trường Việt,11/20/2000 12:00:00 AM,Male,62de9512-3f26-43e2-96bb-73d53aa15e46
d7250553-8f0a-475b-863d-dc64301abef4,Đoàn Bá Đạt,4/5/2004 12:00:00 AM,Male,62de9512-3f26-43e2-96bb-73d53aa15e46
b6cad6dd-af67-4317-9b05-1fe703af53f5,Trầm Kim Thi,10/20/2003 12:00:00 AM,Female,62de9512-3f26-43e2-96bb-73d53aa15e46
e9691cc2-a3d2-44ad-b240-8b27ba0a7242,Đoàn Đoàn Hòa,11/29/2000 12:00:00 AM,Male,62de9512-3f26-43e2-96bb-73d53aa15e46
8c2308fd-3a41-48dd-a434-13a2e1a3a564,Trầm Bảo Thông,7/17/2000 12:00:00 AM,Male,62de9512-3f26-43e2-96bb-73d53aa15e46
fa06708b-10b9-47ff-9df6-5c27dcba932a,Lý Như Thảo,8/20/2001 12:00:00 AM,Female,62de9512-3f26-43e2-96bb-73d53aa15e46
8cdd46c9-ee62-478d-98e9-e9ebede7d54d,Hà Bá Hiếu,10/30/2002 12:00:00 AM,Male,62de9512-3f26-43e2-96bb-73d53aa15e46
ac9c0e0b-7421-44af-b603-eedbbb3e5376,Nguyễn Xuân Yến,10/11/2000 12:00:00 AM,Female,62de9512-3f26-43e2-96bb-73d53aa15e46
e39526c7-57ad-4bc5-87e9-41570246d7c6,Nguyễn Kim Hà,1/17/2004 12:00:00 AM,Female,62de9512-3f26-43e2-96bb-73d53aa15e46
fe4a5f9b-855f-4a25-ac63-eedd3a8881ec,Đoàn Thu Lan,5/27/2000 12:00:00 AM,Female,62de9512-3f26-43e2-96bb-73d53aa15e46
d6c01107-32f4-468e-919b-2ac3785d235c,Nguyễn Đặng Vân,1/9/2003 12:00:00 AM,Female,62de9512-3f26-43e2-96bb-73d53aa15e46
3d34ccfe-32c3-47cf-ae39-0faaf9d672cc,Võ Dương Tuấn,2/20/2004 12:00:00 AM,Male,62de9512-3f26-43e2-96bb-73d53aa15e46
3ea754ba-bde4-4fa2-9f64-03fad8eb6db0,Lý Tiểu Vân,11/10/2000 12:00:00 AM,Female,b43f4cfd-012e-47ed-a90a-6446f96bb0f8
cea72448-b23d-41d0-9203-8d074833003f,Kiều Xuân Lan,1/26/2003 12:00:00 AM,Female,b43f4cfd-012e-47ed-a90a-6446f96bb0f8
54e6148c-2489-415a-9314-5e38b98ed2e2,Hà Dương Huy,6/13/2001 12:00:00 AM,Male,b43f4cfd-012e-47ed-a90a-6446f96bb0f8
df550c75-56fc-4714-942f-73eae7f96e31,Trần Công Đạt,8/16/2002 12:00:00 AM,Male,b43f4cfd-012e-47ed-a90a-6446f96bb0f8
b7dce659-5a1d-4e49-b054-b3d977ea9464,Bùi Bá Thịnh,9/17/2003 12:00:00 AM,Male,b43f4cfd-012e-47ed-a90a-6446f96bb0f8
3d5474e8-e9b5-4682-8305-06fb62be5fce,Lý Minh Hòa,11/26/2001 12:00:00 AM,Male,b43f4cfd-012e-47ed-a90a-6446f96bb0f8
e0f8c650-7e7d-490f-9c0a-70ad08457e99,Trần Hoàng Thảo,7/1/2003 12:00:00 AM,Female,b43f4cfd-012e-47ed-a90a-6446f96bb0f8
b4a4c06c-f830-4e57-ac53-2f1ed277670b,Nguyễn Như Linh,3/24/2003 12:00:00 AM,Female,b43f4cfd-012e-47ed-a90a-6446f96bb0f8
dcc5166a-e215-4629-9b8b-b522098a35ac,Lại Thúy Lan,4/30/2003 12:00:00 AM,Female,b43f4cfd-012e-47ed-a90a-6446f96bb0f8
d4c198f3-3ee0-4d96-b650-636d9e633524,Đoàn Đoàn Đạt,4/27/2003 12:00:00 AM,Male,b43f4cfd-012e-47ed-a90a-6446f96bb0f8
37d7a807-ead4-4bc9-af8a-06632b653ce1,Bùi Bảo Thông,10/15/2000 12:00:00 AM,Male,b43f4cfd-012e-47ed-a90a-6446f96bb0f8
3e18c983-2e65-4403-a099-6f002d3983df,Lại Xuân Linh,6/5/2003 12:00:00 AM,Female,b43f4cfd-012e-47ed-a90a-6446f96bb0f8
e97e2e83-ba6f-479a-8011-25c04b645617,Lý Thúy Thy,2/3/2002 12:00:00 AM,Female,b43f4cfd-012e-47ed-a90a-6446f96bb0f8
4921018a-db8c-4e3f-b030-6fd7731415ed,Trầm Đặng Lan,1/29/2001 12:00:00 AM,Female,b43f4cfd-012e-47ed-a90a-6446f96bb0f8
37a6e993-c5c6-4036-b3f8-0d4c6b0dfb35,Võ Kim Hoa,3/27/2002 12:00:00 AM,Female,b43f4cfd-012e-47ed-a90a-6446f96bb0f8
48927ac3-8e2c-4c34-8800-8df73df581c3,Lê Bảo Sơn,10/24/2004 12:00:00 AM,Male,b43f4cfd-012e-47ed-a90a-6446f96bb0f8
cbbe3242-0acd-471f-994e-fb85976b15c7,Hà Thế Thành,3/24/2003 12:00:00 AM,Male,b43f4cfd-012e-47ed-a90a-6446f96bb0f8
c18b1c85-daeb-41d1-8598-3cad613f66da,Lê Bảo Thảo,3/6/2004 12:00:00 AM,Female,b43f4cfd-012e-47ed-a90a-6446f96bb0f8
afe13cc9-5d57-406d-b52c-6cc7f99dddc5,Bùi Diệu Mai,1/31/2004 12:00:00 AM,Female,b43f4cfd-012e-47ed-a90a-6446f96bb0f8
b1ec4f0a-af5e-4e7a-8af2-ec8e8b14ba6f,Phạm Đoàn Dương,8/20/2004 12:00:00 AM,Male,b43f4cfd-012e-47ed-a90a-6446f96bb0f8
b9edbb68-6ccd-47ea-860d-f38dcab55084,Kiều Quỳnh Linh,5/29/2001 12:00:00 AM,Female,b43f4cfd-012e-47ed-a90a-6446f96bb0f8
24c5a874-90f2-4b13-b7db-fa054879390e,Lại Anh Hoàng,12/27/2001 12:00:00 AM,Male,b43f4cfd-012e-47ed-a90a-6446f96bb0f8
0cfe167f-a1ea-462c-9bfa-c941d0efd2d9,Nguyễn Thế Hòa,11/29/2003 12:00:00 AM,Male,b43f4cfd-012e-47ed-a90a-6446f96bb0f8
09e74a5b-0332-4b48-80e9-a4f9ad903ea3,Nguyễn Đặng Ý,4/20/2003 12:00:00 AM,Female,b43f4cfd-012e-47ed-a90a-6446f96bb0f8
205414d6-cb61-49b1-a6d2-89c50de4b711,Phạm Hoàng Châu,8/29/2000 12:00:00 AM,Female,b43f4cfd-012e-47ed-a90a-6446f96bb0f8
f66f0632-bc7b-4a4a-bfd3-cf9de0b89133,Trầm Bá Khánh,11/1/2001 12:00:00 AM,Male,b43f4cfd-012e-47ed-a90a-6446f96bb0f8
1f0b73aa-bc7a-4aa4-9edd-1b7da30df12f,Hà Đặng Thy,4/25/2000 12:00:00 AM,Female,b43f4cfd-012e-47ed-a90a-6446f96bb0f8
d730e9fc-15ff-4b7f-8834-e01cdf022849,Lý Công Khánh,12/18/2000 12:00:00 AM,Male,b43f4cfd-012e-47ed-a90a-6446f96bb0f8
56001b1d-28c6-4c35-ba26-40a3b2191b2c,Nguyễn Thanh Thảo,12/13/2000 12:00:00 AM,Female,b43f4cfd-012e-47ed-a90a-6446f96bb0f8
231525e9-d93d-414d-ad78-cd5a1796ea85,Trầm Xuân Dương,5/10/2003 12:00:00 AM,Male,b43f4cfd-012e-47ed-a90a-6446f96bb0f8
ba76b678-fb76-436e-9ff3-39a513f21fc1,Hồ Diệu Hoa,6/8/2000 12:00:00 AM,Female,b43f4cfd-012e-47ed-a90a-6446f96bb0f8
08d38d14-d3aa-4638-9bd4-a858bd33f816,Kiều Thế Khánh,5/8/2004 12:00:00 AM,Male,b43f4cfd-012e-47ed-a90a-6446f96bb0f8
90eb1082-4af8-4116-bb51-957924114872,Đoàn Thị Lan,11/24/2002 12:00:00 AM,Female,7ff14c03-dede-4880-925b-731f5cae488f
d74377b8-3a0a-414d-ad61-fcee12fa16ee,Bùi Thị Thảo,7/22/2004 12:00:00 AM,Female,7ff14c03-dede-4880-925b-731f5cae488f
fd5988f0-c639-43e8-97f2-8c172133d6b4,Nguyễn Tiểu Mai,11/24/2000 12:00:00 AM,Female,7ff14c03-dede-4880-925b-731f5cae488f
373e5aad-7269-404d-84c0-5153ee3f0ea4,Đoàn Thu Linh,6/12/2000 12:00:00 AM,Female,7ff14c03-dede-4880-925b-731f5cae488f
ba228f9e-32cd-45c5-ba0b-89608f580878,Hồ Công Khánh,6/26/2002 12:00:00 AM,Male,7ff14c03-dede-4880-925b-731f5cae488f
3043a51d-1412-442b-bcca-69460e4c1c99,Nguyễn Công Hoàng,2/11/2000 12:00:00 AM,Male,7ff14c03-dede-4880-925b-731f5cae488f
93b075d5-88a5-4d30-b47f-99f6856f0f0a,Đoàn Quỳnh Hà,12/4/2001 12:00:00 AM,Female,7ff14c03-dede-4880-925b-731f5cae488f
b34a8cf3-6aa2-4b7f-a6d4-7222378ca3dc,Hồ Quỳnh Vy,12/21/2000 12:00:00 AM,Female,7ff14c03-dede-4880-925b-731f5cae488f
ae16499a-2319-48bb-a009-e18630b1df88,Phạm Tử Yến,5/9/2004 12:00:00 AM,Female,7ff14c03-dede-4880-925b-731f5cae488f
1048dfd1-1483-481f-b747-33cb8f99429b,Trầm Xuân Thảo,1/6/2002 12:00:00 AM,Female,7ff14c03-dede-4880-925b-731f5cae488f
e0063e26-3b5d-46db-93f2-e333a0f7bb22,Lê Minh Thành,12/11/2003 12:00:00 AM,Male,7ff14c03-dede-4880-925b-731f5cae488f
40881403-c339-4c75-8a2e-088689cc02ea,Trần Thu Mai,3/5/2003 12:00:00 AM,Female,7ff14c03-dede-4880-925b-731f5cae488f
473933ea-d540-4647-b73a-a3ba6d9fa1c8,Trầm Thúy Giang,10/21/2002 12:00:00 AM,Female,7ff14c03-dede-4880-925b-731f5cae488f
5a85f8b9-a50d-4f0b-a866-be179c666765,Trần Quỳnh Hoa,12/29/2003 12:00:00 AM,Female,7ff14c03-dede-4880-925b-731f5cae488f
b15c3883-c078-4a4c-aec2-e65f37d3990f,Kiều Bảo Giang,1/1/2004 12:00:00 AM,Female,7ff14c03-dede-4880-925b-731f5cae488f
d312ab95-9391-41b0-a804-bebb00cae001,Hồ Thanh Lan,2/17/2001 12:00:00 AM,Female,7ff14c03-dede-4880-925b-731f5cae488f
fa92f14c-45df-43be-b75f-2766953be124,Lý Thị Lan,3/11/2000 12:00:00 AM,Female,7ff14c03-dede-4880-925b-731f5cae488f
5ee2b824-2326-4341-8af6-4dab8a801ea8,Hồ Thu Linh,5/20/2002 12:00:00 AM,Female,7ff14c03-dede-4880-925b-731f5cae488f
a809699c-2798-40fd-9f00-adf362975f39,Lại Bá Hùng,10/21/2001 12:00:00 AM,Male,7ff14c03-dede-4880-925b-731f5cae488f
a74546a7-55f8-4d18-961a-91f689242ddc,Lại Minh Thịnh,11/24/2002 12:00:00 AM,Male,7ff14c03-dede-4880-925b-731f5cae488f
bcc7be7a-bfcd-43f3-b2c0-4dd7edb19474,Phạm Tử Yến,1/2/2004 12:00:00 AM,Female,7ff14c03-dede-4880-925b-731f5cae488f
2efcfd8d-8350-467f-8d97-7b5cef52c177,Lý Tiểu Thảo,7/18/2002 12:00:00 AM,Female,7ff14c03-dede-4880-925b-731f5cae488f
ec3f9722-9246-455d-a307-a1badf4f94fd,Lê Đoàn Hùng,1/8/2004 12:00:00 AM,Male,7ff14c03-dede-4880-925b-731f5cae488f
22704ca7-91f8-4067-9648-9bc8eef4eda4,Võ Thị Ý,6/9/2004 12:00:00 AM,Female,7ff14c03-dede-4880-925b-731f5cae488f
c9dd08bf-80b8-427a-bb8e-3525c6077056,Võ Trường Việt,4/5/2002 12:00:00 AM,Male,7ff14c03-dede-4880-925b-731f5cae488f
8e9b8365-ebc8-4016-b9f8-704545d11cc9,Phạm Xuân Long,6/20/2001 12:00:00 AM,Male,7ff14c03-dede-4880-925b-731f5cae488f
e51bc00a-90ac-486f-8147-16644a5bbc08,Phạm Bá Thông,11/19/2000 12:00:00 AM,Male,7ff14c03-dede-4880-925b-731f5cae488f
8facd4a8-4865-466b-90c8-181a927dbc8b,Bùi Trường Hùng,7/1/2002 12:00:00 AM,Male,7ff14c03-dede-4880-925b-731f5cae488f
930edd9c-9520-4627-849c-74368cc8329d,Trần Hoàng Sơn,12/2/2002 12:00:00 AM,Male,7ff14c03-dede-4880-925b-731f5cae488f
dd9f7f05-95d3-4237-b471-3ea1d3073846,Hà Đức Hoàng,2/27/2002 12:00:00 AM,Male,7ff14c03-dede-4880-925b-731f5cae488f
8c34ec55-ddc3-4ba2-8e1f-f827933481c6,Lý Xuân Tuấn,3/7/2000 12:00:00 AM,Male,7ff14c03-dede-4880-925b-731f5cae488f
fd7e0c2f-38f8-4221-9fb8-d01fe9b3c514,Phạm Nhật Giang,11/9/2000 12:00:00 AM,Female,7ff14c03-dede-4880-925b-731f5cae488f
c380c7f1-2e41-4d8d-b499-52d2b59296ec,Đoàn Như Lan,9/29/2001 12:00:00 AM,Female,7ff14c03-dede-4880-925b-731f5cae488f
cd244630-5e75-4e34-bf4e-69bc49867966,Hà Minh Hùng,4/25/2004 12:00:00 AM,Male,624c058f-e644-4713-881a-97db91847414
7ddd5325-8247-4e5c-aed0-92c945de71b5,Nguyễn Trường Đạt,4/26/2002 12:00:00 AM,Male,624c058f-e644-4713-881a-97db91847414
d5d4731e-c2f5-4948-a5ec-b4e24ccdb5cb,Hồ Thanh Hoa,1/2/2003 12:00:00 AM,Female,624c058f-e644-4713-881a-97db91847414
0c67a5f9-68ed-4a5e-93b2-b2948dc25a89,Bùi Nhật Yến,6/12/2002 12:00:00 AM,Female,624c058f-e644-4713-881a-97db91847414
b5fa9620-7005-4a0b-8ce6-6d6a6432635d,Kiều Kim Thi,4/8/2002 12:00:00 AM,Female,624c058f-e644-4713-881a-97db91847414
27345342-d460-47f9-904d-727cd524b507,Lý Thế Tuấn,4/3/2004 12:00:00 AM,Male,624c058f-e644-4713-881a-97db91847414
bae15a64-32cc-4b21-be81-b13c4c29694d,Lý Thế Sơn,1/24/2003 12:00:00 AM,Male,624c058f-e644-4713-881a-97db91847414
bc9f607e-f8a0-498d-a9a6-201849fd5727,Kiều Thúy Hoa,1/29/2002 12:00:00 AM,Female,624c058f-e644-4713-881a-97db91847414
469c6ea1-f875-4078-86b1-e9769f5cc497,Hồ Xuân Dương,1/1/2000 12:00:00 AM,Male,624c058f-e644-4713-881a-97db91847414
25bfbedd-29ec-470d-8a9a-4a9d54e99c0a,Lê Thúy Thi,10/5/2001 12:00:00 AM,Female,624c058f-e644-4713-881a-97db91847414
4fbbf9ec-2995-4d13-9590-c6078a096ed3,Hồ Văn Dương,10/16/2002 12:00:00 AM,Male,624c058f-e644-4713-881a-97db91847414
27e43026-bd51-420f-9346-50fba0ce37c6,Phạm Kim Thảo,2/15/2000 12:00:00 AM,Female,624c058f-e644-4713-881a-97db91847414
10e88cea-35a1-4ea4-8604-94df78fa8278,Đoàn Bá Sơn,9/18/2001 12:00:00 AM,Male,624c058f-e644-4713-881a-97db91847414
f29da4ab-9fe3-4ab9-87a2-60bf951ec688,Đoàn Diệu Châu,2/13/2003 12:00:00 AM,Female,624c058f-e644-4713-881a-97db91847414
d9409aca-4f0c-4970-8700-23408d6f7414,Nguyễn Xuân Lan,11/15/2002 12:00:00 AM,Female,624c058f-e644-4713-881a-97db91847414
7524970d-ae9b-4cce-93cd-18775a0b68fb,Đoàn Kim Giang,8/6/2000 12:00:00 AM,Female,624c058f-e644-4713-881a-97db91847414
9a3ad283-28ed-44c0-9c07-c396e1737ad3,Trần Minh Hiếu,3/1/2002 12:00:00 AM,Male,624c058f-e644-4713-881a-97db91847414
27e77398-3f29-453b-ac67-5b0077bb920b,Võ Đoàn Long,10/6/2002 12:00:00 AM,Male,624c058f-e644-4713-881a-97db91847414
65822f1d-199a-4b54-ae5e-0c33b8aaec1a,Lý Đoàn Hòa,10/3/2002 12:00:00 AM,Male,624c058f-e644-4713-881a-97db91847414
ed5992e7-ec8e-4fbf-85c8-99a429520e43,Kiều Đoàn Hòa,4/7/2002 12:00:00 AM,Male,624c058f-e644-4713-881a-97db91847414
dd45e4c4-c8df-45a2-bc31-c306e8447dd2,Nguyễn Công Dương,4/4/2004 12:00:00 AM,Male,624c058f-e644-4713-881a-97db91847414
f6811cbf-54c6-486a-a2f1-41cfc78226ab,Hà Bảo Vy,4/2/2000 12:00:00 AM,Female,624c058f-e644-4713-881a-97db91847414
b1abc858-0b16-4d8a-8241-d11cb67d35fc,Trầm Diệu Yến,2/19/2003 12:00:00 AM,Female,624c058f-e644-4713-881a-97db91847414
48bbe5f3-ed69-4eaa-a3a8-f587db621d73,Phạm Đức Long,5/11/2004 12:00:00 AM,Male,624c058f-e644-4713-881a-97db91847414
547da5ab-7f21-4870-b424-69cb7325cfe8,Đoàn Trọng Hưng,6/24/2004 12:00:00 AM,Male,624c058f-e644-4713-881a-97db91847414
1acfbec1-b0f2-40ad-a240-19989bc6a804,Bùi Nhật Vy,1/16/2002 12:00:00 AM,Female,624c058f-e644-4713-881a-97db91847414
280cda52-bd50-493e-a01a-0d15da802cb6,Lê Ngọc Kiều,7/3/2000 12:00:00 AM,Female,624c058f-e644-4713-881a-97db91847414
0ae1ae02-6a2b-4f54-85a6-3deba4ef85e9,Nguyễn Thu Thi,2/6/2003 12:00:00 AM,Female,624c058f-e644-4713-881a-97db91847414
e34feac0-cc13-4af5-8587-bc4e053baf46,Kiều Thúy Giang,1/18/2003 12:00:00 AM,Female,624c058f-e644-4713-881a-97db91847414
30186c57-7314-459c-84b1-94ceb8aeed2b,Đoàn Đặng Kiều,3/21/2002 12:00:00 AM,Female,624c058f-e644-4713-881a-97db91847414
6c5c6e46-5579-442a-a5f8-1d677f02d955,Lại Xuân Hưng,7/24/2004 12:00:00 AM,Male,624c058f-e644-4713-881a-97db91847414
9956a823-acd2-4ee1-91e5-4d4798ddc26e,Trần Như Lan,4/29/2002 12:00:00 AM,Female,10d0f373-bf47-4a27-b17a-133782eca72e
d5f6b35e-5e2a-4a43-930b-215c030e8708,Võ Thế Hưng,5/13/2000 12:00:00 AM,Male,10d0f373-bf47-4a27-b17a-133782eca72e
974dfa1b-e1d4-4f48-b610-5cda562ecb0d,Kiều Đoàn Đạt,1/2/2003 12:00:00 AM,Male,10d0f373-bf47-4a27-b17a-133782eca72e
4899afe8-731a-4c89-833e-7ffa9b2bf4f8,Trầm Anh Hùng,12/28/1999 12:00:00 AM,Male,10d0f373-bf47-4a27-b17a-133782eca72e
6b1dd2fe-664f-490e-9810-50c7afed6770,Hà Bảo Khánh,10/2/1999 12:00:00 AM,Male,10d0f373-bf47-4a27-b17a-133782eca72e
5826f2c0-29c9-4aa8-94f5-87e6c0f17253,Hà Xuân Hoàng,10/10/1999 12:00:00 AM,Male,10d0f373-bf47-4a27-b17a-133782eca72e
898e4a5d-3c19-4532-942c-59e171d9e87c,Hồ Bảo Lan,8/20/2000 12:00:00 AM,Female,10d0f373-bf47-4a27-b17a-133782eca72e
8bf10a3d-addd-41ad-baf0-a4300b815965,Hồ Thế Hưng,8/1/2002 12:00:00 AM,Male,10d0f373-bf47-4a27-b17a-133782eca72e
4bf57849-0656-4a9a-96f7-7da81c4c1ee4,Nguyễn Thị Hà,6/16/2001 12:00:00 AM,Female,10d0f373-bf47-4a27-b17a-133782eca72e
e184446f-0ea3-4444-b427-9e5e001b7e1e,Bùi Xuân Việt,3/2/2002 12:00:00 AM,Male,10d0f373-bf47-4a27-b17a-133782eca72e
ff49ecb8-84e0-4aec-9c66-7ac63c270561,Bùi Diệu Giang,10/22/2003 12:00:00 AM,Female,10d0f373-bf47-4a27-b17a-133782eca72e
b689112f-a87c-4230-ab33-17d09c0a02f1,Hồ Tiểu Vy,2/7/2001 12:00:00 AM,Female,10d0f373-bf47-4a27-b17a-133782eca72e
8d63a1f4-e440-4935-a7c2-dce101fc9684,Đoàn Ngọc Thảo,8/17/2003 12:00:00 AM,Female,10d0f373-bf47-4a27-b17a-133782eca72e
4417b796-8a05-4bea-be88-6e3349d9d37d,Nguyễn Đặng Giang,9/26/1999 12:00:00 AM,Female,10d0f373-bf47-4a27-b17a-133782eca72e
07b90e52-f1b2-4985-a769-43b9f96ec31a,Lý Bá Thông,4/10/2003 12:00:00 AM,Male,10d0f373-bf47-4a27-b17a-133782eca72e
905a9c45-15f9-4b62-bd31-56bb3b882bba,Lý Minh Thành,6/8/2003 12:00:00 AM,Male,10d0f373-bf47-4a27-b17a-133782eca72e
0f7cb5fc-0d11-4153-903c-b9df568a34f0,Lý Đức Đạt,12/14/1999 12:00:00 AM,Male,10d0f373-bf47-4a27-b17a-133782eca72e
0fa0289f-bc56-419d-b5e3-d513cd7c0409,Nguyễn Bảo Khánh,10/16/2003 12:00:00 AM,Male,10d0f373-bf47-4a27-b17a-133782eca72e
e10de703-743b-4b04-b7d6-ba221d5b2826,Trần Minh Dương,6/30/2002 12:00:00 AM,Male,10d0f373-bf47-4a27-b17a-133782eca72e
dc64f83d-ae0d-4377-9e29-9ac64f102b72,Trần Thanh Lan,8/14/1999 12:00:00 AM,Female,10d0f373-bf47-4a27-b17a-133782eca72e
03a90901-299f-4eb0-a38b-137ac514e98e,Phạm Hoàng Vân,1/9/2003 12:00:00 AM,Female,10d0f373-bf47-4a27-b17a-133782eca72e
79bf81b8-3a55-4996-ac42-6aa1fd085cd8,Nguyễn Ngọc Lan,6/25/2003 12:00:00 AM,Female,10d0f373-bf47-4a27-b17a-133782eca72e
c7273741-3852-472f-80e9-ce605406efd8,Hồ Thu Mai,6/16/2003 12:00:00 AM,Female,10d0f373-bf47-4a27-b17a-133782eca72e
0693b965-d50a-4a69-a0ba-1942bd4c007c,Lý Hoàng Hòa,3/29/2000 12:00:00 AM,Male,10d0f373-bf47-4a27-b17a-133782eca72e
bbaa970f-a8ab-4d26-900a-28a0943aed6b,Kiều Ngọc Hà,2/19/1999 12:00:00 AM,Female,10d0f373-bf47-4a27-b17a-133782eca72e
c95034a9-a238-47e6-add8-b7fd813acfea,Phạm Hoàng Kiều,7/23/2003 12:00:00 AM,Female,10d0f373-bf47-4a27-b17a-133782eca72e
a5421de5-c1df-4b06-a370-fa14ec594cc3,Hà Kim Yến,6/12/2002 12:00:00 AM,Female,10d0f373-bf47-4a27-b17a-133782eca72e
25c1c98f-bf0e-46d7-a4ac-721585478547,Kiều Thế Thành,6/21/2000 12:00:00 AM,Male,10d0f373-bf47-4a27-b17a-133782eca72e
2a5d9ae8-f284-46dd-af0c-d5a269103c95,Bùi Minh Sơn,10/25/2000 12:00:00 AM,Male,10d0f373-bf47-4a27-b17a-133782eca72e
e5bf3cd4-755d-44fb-8aeb-ef0d7d2fb513,Lý Thanh Vân,1/16/2003 12:00:00 AM,Female,10d0f373-bf47-4a27-b17a-133782eca72e
76c2ce15-d4a6-48b8-a1ea-96ce84da7bf5,Nguyễn Dương Thịnh,1/11/2001 12:00:00 AM,Male,10d0f373-bf47-4a27-b17a-133782eca72e
d269fb39-d397-4aeb-9c9a-e5c92203f604,Lý Đặng Hà,8/29/2003 12:00:00 AM,Female,10d0f373-bf47-4a27-b17a-133782eca72e
069d9828-6477-4df0-9255-cfdd844957ca,Trầm Hoàng Tuấn,1/17/2003 12:00:00 AM,Male,10d0f373-bf47-4a27-b17a-133782eca72e
00b4ba40-ac63-4f9f-8066-e438c3942746,Đoàn Như Lan,6/6/2001 12:00:00 AM,Female,4d99090b-24d4-4473-82c4-c25252816a84
c5cd05be-b873-44a7-a972-c75864ceadf0,Hà Đặng Thy,4/6/2002 12:00:00 AM,Female,4d99090b-24d4-4473-82c4-c25252816a84
32daa6ee-2a47-4418-bf23-21f8764d6187,Phạm Thúy Yến,3/18/1999 12:00:00 AM,Female,4d99090b-24d4-4473-82c4-c25252816a84
e244ed69-b2d5-4224-b59e-b3bcb2417ef9,Lý Đặng Vân,12/22/1999 12:00:00 AM,Female,4d99090b-24d4-4473-82c4-c25252816a84
eda060ba-a707-4170-954b-f780bdb270a8,Phạm Ngọc Thi,3/31/2001 12:00:00 AM,Female,4d99090b-24d4-4473-82c4-c25252816a84
da3167eb-968f-4dbb-b724-b7b0fe93c144,Trầm Hoàng Đạt,3/17/2003 12:00:00 AM,Male,4d99090b-24d4-4473-82c4-c25252816a84
b80f2b01-2195-42a4-819f-e384e0d72ea9,Võ Anh Hưng,8/30/1999 12:00:00 AM,Male,4d99090b-24d4-4473-82c4-c25252816a84
7d009e64-ab9b-4052-825f-ace1a4a94f39,Đoàn Anh Hưng,9/21/2003 12:00:00 AM,Male,4d99090b-24d4-4473-82c4-c25252816a84
b93c9731-5a22-4252-b141-c8680df5829e,Kiều Nhật Yến,4/3/2003 12:00:00 AM,Female,4d99090b-24d4-4473-82c4-c25252816a84
6789179c-57a8-4fe0-aa31-ee1dfb1a3b99,Lý Diệu Hoa,11/10/2000 12:00:00 AM,Female,4d99090b-24d4-4473-82c4-c25252816a84
083d2207-a463-46ac-8bb3-6a71b2f17d63,Lại Như Mai,4/17/2002 12:00:00 AM,Female,4d99090b-24d4-4473-82c4-c25252816a84
3fd98cf6-087a-45ad-91b0-569f271e569d,Bùi Thị Kiều,8/26/2000 12:00:00 AM,Female,4d99090b-24d4-4473-82c4-c25252816a84
4f2470d6-c488-4e0c-8db8-562ee9dec002,Hồ Tiểu Ý,9/28/2003 12:00:00 AM,Female,4d99090b-24d4-4473-82c4-c25252816a84
57a55e04-a6b7-4c09-8ac6-75e74f7111ac,Trần Đoàn Đạt,9/17/2001 12:00:00 AM,Male,4d99090b-24d4-4473-82c4-c25252816a84
65a750b7-fe67-4c34-8d6e-a5e8adc832cb,Phạm Trường Hoàng,5/23/2002 12:00:00 AM,Male,4d99090b-24d4-4473-82c4-c25252816a84
49ad88a6-ab4e-4bc1-843f-b79943a176e6,Bùi Dương Long,7/28/2003 12:00:00 AM,Male,4d99090b-24d4-4473-82c4-c25252816a84
a235ce3a-84b7-46c5-8fc6-d13ac3efc13e,Lý Hoàng Yến,6/23/2003 12:00:00 AM,Female,4d99090b-24d4-4473-82c4-c25252816a84
80733edc-10a0-4d66-9d11-bdd149f53a6d,Lại Tử Thi,8/20/1999 12:00:00 AM,Female,4d99090b-24d4-4473-82c4-c25252816a84
81f192f0-5b00-490a-ad78-72b32be6c491,Lý Dương Hưng,6/19/2002 12:00:00 AM,Male,4d99090b-24d4-4473-82c4-c25252816a84
e778a974-3d04-46de-979e-915470b4f2f3,Bùi Hoàng Thông,4/3/2001 12:00:00 AM,Male,4d99090b-24d4-4473-82c4-c25252816a84
311308dc-9021-413d-b80e-abb24f2d6092,Phạm Ngọc Yến,11/30/2000 12:00:00 AM,Female,4d99090b-24d4-4473-82c4-c25252816a84
46fd6365-bf05-49d6-8993-6535dd5a2b32,Lại Bá Hùng,6/4/2000 12:00:00 AM,Male,4d99090b-24d4-4473-82c4-c25252816a84
f4828d48-2532-4878-88c5-df3871d70f24,Võ Trường Dương,7/4/2003 12:00:00 AM,Male,4d99090b-24d4-4473-82c4-c25252816a84
d143ed28-a9ce-4a67-94f5-d1b540ed51b0,Đoàn Thị Thy,6/25/2000 12:00:00 AM,Female,4d99090b-24d4-4473-82c4-c25252816a84
bd9b5673-3991-4cc4-a4ad-2193eb7d50fe,Lại Thúy Thảo,8/27/2003 12:00:00 AM,Female,4d99090b-24d4-4473-82c4-c25252816a84
7fd18b6a-0905-493b-b5f0-f8565282ea6d,Đoàn Công Tuấn,5/25/2003 12:00:00 AM,Male,4d99090b-24d4-4473-82c4-c25252816a84
b7789edd-ff34-4921-b2d7-c6160c35f025,Lê Như Giang,12/15/2002 12:00:00 AM,Female,4d99090b-24d4-4473-82c4-c25252816a84
aa3507f1-9864-4bda-a79b-8fb661ef71d5,Lại Như Thy,9/22/2002 12:00:00 AM,Female,4d99090b-24d4-4473-82c4-c25252816a84
d3a9e21e-2830-4a84-9297-40ddf6910687,Kiều Hoàng Hoàng,9/24/2002 12:00:00 AM,Male,4d99090b-24d4-4473-82c4-c25252816a84
82b77a06-5fa3-4324-8e19-ccbb0a11606a,Lý Dương Thành,1/16/2000 12:00:00 AM,Male,4d99090b-24d4-4473-82c4-c25252816a84
dffba9ec-5d96-42a9-8125-423a4e89ef9a,Võ Trường Hưng,1/27/2001 12:00:00 AM,Male,4d99090b-24d4-4473-82c4-c25252816a84
bbdd9c0b-893d-4cb1-be29-b7c790adadc9,Lại Trường Sơn,8/27/1999 12:00:00 AM,Male,4d99090b-24d4-4473-82c4-c25252816a84
d8f2a35c-86b3-4522-be07-fc478e7daa74,Võ Thị Thảo,8/12/2003 12:00:00 AM,Female,4d99090b-24d4-4473-82c4-c25252816a84
d748fcc7-2baf-408c-bfab-a1f29036d01f,Phạm Xuân Khánh,11/3/2003 12:00:00 AM,Male,b918e3e4-4de0-4ffd-8af4-36ae6f701f61
8491704c-211a-4a51-a619-d065cd9bfde8,Lại Ngọc Châu,5/22/2003 12:00:00 AM,Female,b918e3e4-4de0-4ffd-8af4-36ae6f701f61
4587d12d-87e7-4505-9086-346bcd1d4348,Đoàn Đoàn Hưng,4/20/2002 12:00:00 AM,Male,b918e3e4-4de0-4ffd-8af4-36ae6f701f61
c1d703fc-c818-4a20-95fc-55b9f88d6acd,Phạm Ngọc Giang,8/8/2003 12:00:00 AM,Female,b918e3e4-4de0-4ffd-8af4-36ae6f701f61
3786397c-64db-4d80-9a3f-2600a794c3a7,Đoàn Thanh Châu,11/12/1999 12:00:00 AM,Female,b918e3e4-4de0-4ffd-8af4-36ae6f701f61
a2e7c721-cb96-4e64-baae-ae362d065dde,Lại Đức Việt,8/29/2003 12:00:00 AM,Male,b918e3e4-4de0-4ffd-8af4-36ae6f701f61
3f50b03d-2d51-429d-b9db-4ee979fc6c83,Trầm Đức Tuấn,11/26/2001 12:00:00 AM,Male,b918e3e4-4de0-4ffd-8af4-36ae6f701f61
5b40b72d-bc01-480f-9191-c62ad66ba52b,Kiều Xuân Hiếu,11/21/2003 12:00:00 AM,Male,b918e3e4-4de0-4ffd-8af4-36ae6f701f61
3e62c21e-6953-44f6-93d3-94ab5da5efb3,Lê Văn Đạt,5/19/2000 12:00:00 AM,Male,b918e3e4-4de0-4ffd-8af4-36ae6f701f61
72e98a9c-448c-4ef3-8f7d-41bbb05c7620,Lý Kim Ý,10/15/2002 12:00:00 AM,Female,b918e3e4-4de0-4ffd-8af4-36ae6f701f61
6a040d89-3ccc-4da7-b098-e51f37c90592,Lý Đặng Châu,5/22/2000 12:00:00 AM,Female,b918e3e4-4de0-4ffd-8af4-36ae6f701f61
a69bbf9f-2288-48bc-be37-89c0c023f46c,Lại Thị Linh,7/1/1999 12:00:00 AM,Female,b918e3e4-4de0-4ffd-8af4-36ae6f701f61
82502f6b-d9b4-40c7-b023-cb8e74ef89ef,Bùi Xuân Lan,11/1/2002 12:00:00 AM,Female,b918e3e4-4de0-4ffd-8af4-36ae6f701f61
c7628e9e-874d-4643-b747-27aee7679501,Lại Đặng Lan,7/31/2001 12:00:00 AM,Female,b918e3e4-4de0-4ffd-8af4-36ae6f701f61
146fb65d-6b38-4dba-a065-833e6bc05df4,Lý Thị Lan,3/25/1999 12:00:00 AM,Female,b918e3e4-4de0-4ffd-8af4-36ae6f701f61
8b1b8be2-cb33-4002-9074-2dfdcc54af1d,Lại Bá Thành,8/19/1999 12:00:00 AM,Male,b918e3e4-4de0-4ffd-8af4-36ae6f701f61
93c7b0a8-8eec-402c-b127-1fc120880a70,Lại Kim Kiều,6/19/2002 12:00:00 AM,Female,b918e3e4-4de0-4ffd-8af4-36ae6f701f61
b23447ac-1863-4db5-93f8-2cca7236a0d0,Trần Kim Yến,12/11/1999 12:00:00 AM,Female,b918e3e4-4de0-4ffd-8af4-36ae6f701f61
4ed8015f-6eae-44de-88f7-fa027b92eee5,Lại Xuân Dương,1/24/2003 12:00:00 AM,Male,b918e3e4-4de0-4ffd-8af4-36ae6f701f61
0bc2b0c2-00cb-439b-b644-2286e4175a85,Nguyễn Ngọc Vân,5/16/1999 12:00:00 AM,Female,b918e3e4-4de0-4ffd-8af4-36ae6f701f61
d966c76b-9b49-4f90-9ee2-c2dd5cac7c59,Võ Xuân Hoàng,8/25/2001 12:00:00 AM,Male,b918e3e4-4de0-4ffd-8af4-36ae6f701f61
53691a38-5721-47e4-acc2-bdff5ee838bb,Lý Quỳnh Lan,12/25/2000 12:00:00 AM,Female,b918e3e4-4de0-4ffd-8af4-36ae6f701f61
27b5d411-4a08-4247-9eba-aeb84c27fd89,Lại Trọng Sơn,8/10/1999 12:00:00 AM,Male,b918e3e4-4de0-4ffd-8af4-36ae6f701f61
a59e22fd-f6dd-470c-a150-d21e08123b88,Lại Đặng Ý,4/20/2002 12:00:00 AM,Female,b918e3e4-4de0-4ffd-8af4-36ae6f701f61
80a83ac2-3d43-4fa1-a3b7-59e075a03085,Hà Hoàng Vân,4/10/1999 12:00:00 AM,Female,b918e3e4-4de0-4ffd-8af4-36ae6f701f61
f1f2ac14-475a-4da9-b529-03eade3fe29d,Lê Thúy Thy,10/28/2000 12:00:00 AM,Female,b918e3e4-4de0-4ffd-8af4-36ae6f701f61
2df85989-4de4-40a6-9858-6bc197794956,Lý Tử Linh,12/7/2000 12:00:00 AM,Female,b918e3e4-4de0-4ffd-8af4-36ae6f701f61
3225601d-064c-4ac9-b299-85f53727de72,Hồ Đặng Hà,5/1/2000 12:00:00 AM,Female,b918e3e4-4de0-4ffd-8af4-36ae6f701f61
10b9b6ce-8da2-46b8-9820-3a3cb8b9f68d,Hồ Bảo Linh,1/30/2002 12:00:00 AM,Female,b918e3e4-4de0-4ffd-8af4-36ae6f701f61
78334e9a-8926-470d-9710-21d2844db779,Hồ Quỳnh Giang,8/17/2002 12:00:00 AM,Female,b918e3e4-4de0-4ffd-8af4-36ae6f701f61
39c68266-7f00-473b-9f81-64df33464f95,Lại Bảo Tuấn,8/29/2000 12:00:00 AM,Male,b918e3e4-4de0-4ffd-8af4-36ae6f701f61
72496719-0031-4df2-bcb8-fe9d8aee0007,Đoàn Anh Khánh,4/14/2003 12:00:00 AM,Male,f42fc6ed-d6d1-4748-89ce-2e895988a9f4
944f7615-ab3b-45a1-8b13-4a8959b4de74,Trầm Tử Yến,6/15/2002 12:00:00 AM,Female,f42fc6ed-d6d1-4748-89ce-2e895988a9f4
78bac010-58fc-42d1-b3b4-9bfdca538437,Hồ Công Thành,6/4/2002 12:00:00 AM,Male,f42fc6ed-d6d1-4748-89ce-2e895988a9f4
6c2138a0-a051-49f2-b22f-e8070444e686,Trầm Quỳnh Giang,8/25/2002 12:00:00 AM,Female,f42fc6ed-d6d1-4748-89ce-2e895988a9f4
57ec529d-fbb3-419a-91fc-d11224866be2,Kiều Thị Châu,5/27/2001 12:00:00 AM,Female,f42fc6ed-d6d1-4748-89ce-2e895988a9f4
48456d49-64ae-4ec3-baf7-bd646ac81529,Nguyễn Thúy Kiều,9/17/1999 12:00:00 AM,Female,f42fc6ed-d6d1-4748-89ce-2e895988a9f4
edb83568-d1f9-40f9-a0ae-18ce99ab6fac,Phạm Xuân Đạt,1/22/2002 12:00:00 AM,Male,f42fc6ed-d6d1-4748-89ce-2e895988a9f4
f32ea637-f621-42a4-9a83-a0609d06a6e9,Lê Trọng Việt,1/15/2003 12:00:00 AM,Male,f42fc6ed-d6d1-4748-89ce-2e895988a9f4
a498874d-9e8d-4ec8-aa61-930973dc81ff,Lại Đặng Châu,5/27/2001 12:00:00 AM,Female,f42fc6ed-d6d1-4748-89ce-2e895988a9f4
f0150c82-d7b1-4351-8691-81285256baf4,Trần Thanh Thảo,10/20/2003 12:00:00 AM,Female,f42fc6ed-d6d1-4748-89ce-2e895988a9f4
3fb7e90a-ad83-4919-9975-c3a5f3df75da,Hà Công Hưng,8/11/2002 12:00:00 AM,Male,f42fc6ed-d6d1-4748-89ce-2e895988a9f4
bc5609f1-e074-4616-9fb8-bf454c1918e0,Lê Trọng Tuấn,2/29/2000 12:00:00 AM,Male,f42fc6ed-d6d1-4748-89ce-2e895988a9f4
76aa6f71-e749-4694-9ca5-5b8bb2d0ea5d,Phạm Diệu Lan,11/19/2003 12:00:00 AM,Female,f42fc6ed-d6d1-4748-89ce-2e895988a9f4
74391d94-428c-4833-a412-e1104c0ad78f,Nguyễn Văn Hoàng,7/21/2001 12:00:00 AM,Male,f42fc6ed-d6d1-4748-89ce-2e895988a9f4
10c2af58-e000-46dd-b34e-a7d798e0dff7,Trầm Công Đạt,12/10/1999 12:00:00 AM,Male,f42fc6ed-d6d1-4748-89ce-2e895988a9f4
4d4aec34-a436-4cfb-9f59-693ae7e4e35b,Kiều Thế Hiếu,8/2/2000 12:00:00 AM,Male,f42fc6ed-d6d1-4748-89ce-2e895988a9f4
084ae8ce-ea81-4eb1-9714-274fdf6671b6,Bùi Xuân Thi,4/13/1999 12:00:00 AM,Female,f42fc6ed-d6d1-4748-89ce-2e895988a9f4
4aa2a4e2-cdb7-421a-a2ac-89f6bc797043,Lại Đức Long,7/9/2001 12:00:00 AM,Male,f42fc6ed-d6d1-4748-89ce-2e895988a9f4
017ef5f4-de46-4844-a7ee-1411f4c9433f,Kiều Trường Hoàng,8/12/2001 12:00:00 AM,Male,f42fc6ed-d6d1-4748-89ce-2e895988a9f4
521e465e-a0aa-4376-95a4-31ae3ed153d7,Võ Như Lan,5/18/1999 12:00:00 AM,Female,f42fc6ed-d6d1-4748-89ce-2e895988a9f4
dd198e00-7f20-4588-81b6-2ae6b3d37319,Lại Đặng Giang,12/12/2002 12:00:00 AM,Female,f42fc6ed-d6d1-4748-89ce-2e895988a9f4
892c1d09-ff83-4e30-a3e2-63af22ebb995,Hồ Đức Hưng,7/3/1999 12:00:00 AM,Male,f42fc6ed-d6d1-4748-89ce-2e895988a9f4
bbfd00d6-d557-49d2-ab6b-341272ad7a4d,Võ Thúy Châu,5/27/2000 12:00:00 AM,Female,f42fc6ed-d6d1-4748-89ce-2e895988a9f4
c14ff89b-9223-4019-ae63-2752ae4dde7c,Bùi Tiểu Châu,8/3/2003 12:00:00 AM,Female,f42fc6ed-d6d1-4748-89ce-2e895988a9f4
c59a7b85-37d8-43a0-9567-2eaa236ebae5,Hà Thúy Vy,5/12/2001 12:00:00 AM,Female,f42fc6ed-d6d1-4748-89ce-2e895988a9f4
d5c48299-8931-479f-af99-facdc1acc887,Kiều Thu Yến,3/7/1999 12:00:00 AM,Female,f42fc6ed-d6d1-4748-89ce-2e895988a9f4
1eeb3615-fbfe-4dec-84ae-651586bd3aa4,Hà Trường Sơn,8/14/2001 12:00:00 AM,Male,f42fc6ed-d6d1-4748-89ce-2e895988a9f4
a9506b33-16e6-447b-9ff7-7c419e81dccc,Hồ Thu Vân,8/17/2000 12:00:00 AM,Female,f42fc6ed-d6d1-4748-89ce-2e895988a9f4
94bd4b04-aaf3-4229-96dc-4f3c4c68aa4f,Hà Thị Yến,6/13/2002 12:00:00 AM,Female,f42fc6ed-d6d1-4748-89ce-2e895988a9f4
d437eace-aef5-45e4-b0b4-b6c51d7c3c0c,Hồ Tử Kiều,11/14/1999 12:00:00 AM,Female,f42fc6ed-d6d1-4748-89ce-2e895988a9f4
08de36fd-1269-4ba9-9e4b-4c76ea8d21bf,Trầm Anh Sơn,6/5/1999 12:00:00 AM,Male,f42fc6ed-d6d1-4748-89ce-2e895988a9f4
36918a57-a574-4b01-8fa2-8afbe6c359eb,Lê Bảo Thy,10/8/1999 12:00:00 AM,Female,f42fc6ed-d6d1-4748-89ce-2e895988a9f4
32197bc6-4f06-4fc9-b43f-9d65e05fb293,Kiều Đoàn Hùng,4/6/2000 12:00:00 AM,Male,4af3d3c6-6374-455e-9b88-f7ccbabe0caa
4cc5d91f-911c-4f70-9f0f-4fb05597f15d,Trần Bảo Giang,4/14/1999 12:00:00 AM,Female,4af3d3c6-6374-455e-9b88-f7ccbabe0caa
e968d086-4104-4b08-bb03-a46daff9a259,Lại Tử Hoa,8/21/2002 12:00:00 AM,Female,4af3d3c6-6374-455e-9b88-f7ccbabe0caa
f037ae7e-b1af-4712-96a9-e5ce19200b92,Lê Diệu Vy,10/18/2002 12:00:00 AM,Female,4af3d3c6-6374-455e-9b88-f7ccbabe0caa
998e2045-aa0e-4f2c-81b0-0b2b4e92656f,Hồ Thúy Lan,9/29/2002 12:00:00 AM,Female,4af3d3c6-6374-455e-9b88-f7ccbabe0caa
08d18a05-3d77-49fe-b877-d8e679c153b7,Lý Công Đạt,7/6/2002 12:00:00 AM,Male,4af3d3c6-6374-455e-9b88-f7ccbabe0caa
7c4ddb5f-e25b-4eef-9310-4930747b4b79,Phạm Hoàng Thông,9/19/2003 12:00:00 AM,Male,4af3d3c6-6374-455e-9b88-f7ccbabe0caa
07482b8e-a437-489b-ac5c-ccb30ccfa5c6,Hà Văn Hòa,9/8/2001 12:00:00 AM,Male,4af3d3c6-6374-455e-9b88-f7ccbabe0caa
d5f01bab-4540-422e-9f9a-29860d82885e,Hà Trọng Huy,1/7/2003 12:00:00 AM,Male,4af3d3c6-6374-455e-9b88-f7ccbabe0caa
8a8ef563-e85b-4b5d-bf0c-a668d54c4a6d,Trần Bảo Yến,8/21/2001 12:00:00 AM,Female,4af3d3c6-6374-455e-9b88-f7ccbabe0caa
40a5e980-1850-4229-9e56-c3df6c02e0e1,Đoàn Kim Linh,4/5/1999 12:00:00 AM,Female,4af3d3c6-6374-455e-9b88-f7ccbabe0caa
c3b80a3d-7313-40a1-83f6-3f3253424113,Lý Dương Hưng,8/20/2002 12:00:00 AM,Male,4af3d3c6-6374-455e-9b88-f7ccbabe0caa
1614bd8d-999f-45ca-b480-91e1263302bc,Trần Đặng Vy,8/23/2003 12:00:00 AM,Female,4af3d3c6-6374-455e-9b88-f7ccbabe0caa
1455db42-d3f9-408d-b098-3f021fe2b7e5,Trầm Trường Hưng,5/15/2001 12:00:00 AM,Male,4af3d3c6-6374-455e-9b88-f7ccbabe0caa
c550ee4e-e774-4044-96eb-9cc8f63a32d2,Hà Anh Hùng,6/15/1999 12:00:00 AM,Male,4af3d3c6-6374-455e-9b88-f7ccbabe0caa
370652f1-68e8-4a84-b780-da9e740f532c,Trầm Thanh Hà,8/5/2002 12:00:00 AM,Female,4af3d3c6-6374-455e-9b88-f7ccbabe0caa
b5eb0cb1-befc-4485-ac54-ee7a9d868a6f,Đoàn Công Dương,3/9/2001 12:00:00 AM,Male,4af3d3c6-6374-455e-9b88-f7ccbabe0caa
64ac6340-172a-4cac-a954-5779a095519a,Lý Bá Long,9/2/1999 12:00:00 AM,Male,4af3d3c6-6374-455e-9b88-f7ccbabe0caa
1f342870-43c4-454e-aba5-da2fcac1f150,Đoàn Hoàng Ý,6/6/2003 12:00:00 AM,Female,4af3d3c6-6374-455e-9b88-f7ccbabe0caa
32104d21-cdab-4465-9bcb-194f99ceff0b,Võ Thế Hưng,4/13/2001 12:00:00 AM,Male,4af3d3c6-6374-455e-9b88-f7ccbabe0caa
c645a8d1-afa9-495f-b206-835e456bc152,Bùi Diệu Hoa,5/5/1999 12:00:00 AM,Female,4af3d3c6-6374-455e-9b88-f7ccbabe0caa
9f677dcd-8a01-4ee8-9989-a7284816cd8d,Nguyễn Diệu Hà,7/12/2003 12:00:00 AM,Female,4af3d3c6-6374-455e-9b88-f7ccbabe0caa
0f6f6a09-9b03-45f3-b294-cf6bbba7e7a7,Võ Hoàng Khánh,9/24/2003 12:00:00 AM,Male,4af3d3c6-6374-455e-9b88-f7ccbabe0caa
a4bee89d-e1ec-4882-89dd-e39b8513eaea,Võ Bảo Linh,1/9/2002 12:00:00 AM,Female,4af3d3c6-6374-455e-9b88-f7ccbabe0caa
7a373043-ea3b-41e4-b069-38d73591673c,Phạm Văn Long,3/13/2002 12:00:00 AM,Male,4af3d3c6-6374-455e-9b88-f7ccbabe0caa
7cd85d0a-9841-4238-883f-c010d8cbd761,Lại Đoàn Hoàng,9/13/2002 12:00:00 AM,Male,4af3d3c6-6374-455e-9b88-f7ccbabe0caa
98c10eec-19d1-4afc-a2f1-655af1a4a5f8,Lê Bảo Hiếu,8/11/2000 12:00:00 AM,Male,4af3d3c6-6374-455e-9b88-f7ccbabe0caa
1dd8bb4f-4823-41ac-adf7-fb6fa5b91bd9,Võ Như Thy,4/11/1999 12:00:00 AM,Female,4af3d3c6-6374-455e-9b88-f7ccbabe0caa
19fc88c2-adbd-42c6-b016-4f410b211539,Lê Nhật Vân,12/29/2001 12:00:00 AM,Female,4af3d3c6-6374-455e-9b88-f7ccbabe0caa
b9543c3b-bb65-4aa1-ae32-838cff9d062f,Trầm Nhật Thi,4/4/2003 12:00:00 AM,Female,4af3d3c6-6374-455e-9b88-f7ccbabe0caa
ddaa3fc4-b828-474c-af57-22f7ad9e93bc,Phạm Thúy Yến,11/12/2001 12:00:00 AM,Female,4af3d3c6-6374-455e-9b88-f7ccbabe0caa
2290d928-5df8-40e0-b45e-5ab5e74360bf,Đoàn Minh Hùng,7/29/2003 12:00:00 AM,Male,3d386197-f64c-4224-b49b-6b86f8e60790
d56726a5-812c-49b5-8d2b-f2393d2477d5,Lý Bảo Thịnh,2/9/2000 12:00:00 AM,Male,3d386197-f64c-4224-b49b-6b86f8e60790
cd777dc3-bb73-4834-a066-e25af154eb21,Đoàn Thúy Lan,1/4/2000 12:00:00 AM,Female,3d386197-f64c-4224-b49b-6b86f8e60790
a3402d2f-88b3-4751-bc63-8ba9e6d121b5,Lý Anh Khánh,2/19/2000 12:00:00 AM,Male,3d386197-f64c-4224-b49b-6b86f8e60790
dd648c74-71aa-4a8e-9b56-d8da1ea55f22,Hồ Hoàng Giang,2/1/1999 12:00:00 AM,Female,3d386197-f64c-4224-b49b-6b86f8e60790
2c8e0b77-eef9-4f6a-8a00-ba516d030ad7,Võ Trường Long,7/2/1999 12:00:00 AM,Male,3d386197-f64c-4224-b49b-6b86f8e60790
f73e3132-e11f-44e6-a4bb-8c6e132ce4d0,Đoàn Xuân Ý,8/18/2003 12:00:00 AM,Female,3d386197-f64c-4224-b49b-6b86f8e60790
004210fd-c30e-4f9a-92d1-1a35007062de,Trầm Kim Hoa,10/12/2003 12:00:00 AM,Female,3d386197-f64c-4224-b49b-6b86f8e60790
5feaaec9-a76f-437d-aecf-06b6099694ac,Phạm Thu Kiều,9/17/2001 12:00:00 AM,Female,3d386197-f64c-4224-b49b-6b86f8e60790
b3cdaad1-864a-4a5c-8336-94c807fca1f9,Hà Trường Dương,7/25/2000 12:00:00 AM,Male,3d386197-f64c-4224-b49b-6b86f8e60790
b3d0260e-8e35-453d-8f87-723ed0ae06b3,Trầm Kim Vy,10/28/2000 12:00:00 AM,Female,3d386197-f64c-4224-b49b-6b86f8e60790
31fbb026-ca2f-4197-85ef-701881bda3d6,Nguyễn Bảo Lan,10/31/2001 12:00:00 AM,Female,3d386197-f64c-4224-b49b-6b86f8e60790
8f654385-7cf9-460b-ba51-6ebd3043929f,Phạm Trường Thông,1/14/2000 12:00:00 AM,Male,3d386197-f64c-4224-b49b-6b86f8e60790
fe990527-a1a6-4f93-83bd-3bfaf0bf6c27,Nguyễn Bảo Hiếu,11/19/2003 12:00:00 AM,Male,3d386197-f64c-4224-b49b-6b86f8e60790
bae8e165-fe2d-4016-b213-2d42a97ee760,Nguyễn Ngọc Kiều,2/3/1999 12:00:00 AM,Female,3d386197-f64c-4224-b49b-6b86f8e60790
5a1bb5e9-53dc-4e6f-9403-4df88d188441,Đoàn Ngọc Thi,11/25/2001 12:00:00 AM,Female,3d386197-f64c-4224-b49b-6b86f8e60790
591023b7-0b35-4b3e-af50-52495170a2e1,Lý Minh Khánh,8/4/1999 12:00:00 AM,Male,3d386197-f64c-4224-b49b-6b86f8e60790
37fdb72f-4650-455f-8d4b-1e69555da9b0,Võ Công Khánh,8/23/2001 12:00:00 AM,Male,3d386197-f64c-4224-b49b-6b86f8e60790
ab3a83a6-b12e-4250-86c3-06d9c9f99a4f,Nguyễn Công Thành,12/7/2002 12:00:00 AM,Male,3d386197-f64c-4224-b49b-6b86f8e60790
f666bda3-b224-45a5-a609-afd21773af81,Lý Ngọc Giang,1/12/1999 12:00:00 AM,Female,3d386197-f64c-4224-b49b-6b86f8e60790
8c745331-904a-428d-b4db-5cefe2738469,Lại Đức Hưng,9/13/1999 12:00:00 AM,Male,3d386197-f64c-4224-b49b-6b86f8e60790
9221c29b-b5f0-4f85-bfd5-22e168cccd60,Võ Thúy Vân,8/26/2003 12:00:00 AM,Female,3d386197-f64c-4224-b49b-6b86f8e60790
071c4d2b-89ae-4b77-8b07-9d72d0233e2a,Hà Xuân Thảo,3/9/1999 12:00:00 AM,Female,3d386197-f64c-4224-b49b-6b86f8e60790
ff85ce88-c246-49b8-b610-4c3813c3742f,Hà Văn Huy,12/4/2000 12:00:00 AM,Male,3d386197-f64c-4224-b49b-6b86f8e60790
a562f4ce-a9ea-4cc9-8e73-4acfcceab707,Hồ Thúy Lan,7/6/2002 12:00:00 AM,Female,3d386197-f64c-4224-b49b-6b86f8e60790
75fbe33b-074c-4047-bfdf-52354879a8d5,Kiều Quỳnh Thy,10/25/2001 12:00:00 AM,Female,3d386197-f64c-4224-b49b-6b86f8e60790
4ba0817d-303c-469f-a60a-0cebc0fb6724,Trầm Đặng Thảo,11/8/2001 12:00:00 AM,Female,3d386197-f64c-4224-b49b-6b86f8e60790
aca7fc8b-ef8b-4afc-8d29-ded2fa9ebeca,Võ Thanh Vy,6/26/1999 12:00:00 AM,Female,3d386197-f64c-4224-b49b-6b86f8e60790
066838d9-f57a-4dd7-be22-e9453b7e98d7,Nguyễn Thu Kiều,1/27/2000 12:00:00 AM,Female,3d386197-f64c-4224-b49b-6b86f8e60790
4ebf36fa-aad1-4d18-bf2d-c9a0b6c25aa8,Lý Thúy Mai,5/9/2002 12:00:00 AM,Female,3d386197-f64c-4224-b49b-6b86f8e60790
4045387d-4904-4320-baa5-942506c28d00,Hà Hoàng Kiều,12/11/2000 12:00:00 AM,Female,3d386197-f64c-4224-b49b-6b86f8e60790