UUID,Level,Field
69b42b52-2b61-4198-83ae-5bde563bbe8f, 62a5d5dc-219c-4c1b-9227-e5c0b234e6ce, a0f8f673-cdda-42a0-bad8-d3fef2c492fd
4b8228ad-6a99-41df-9997-68e52156d8b7, 62a5d5dc-219c-4c1b-9227-e5c0b234e6ce, 409d098a-d395-480a-b61e-504abdb08c46
8ae6af9e-40fd-4339-882f-79f5316c2a62, 62a5d5dc-219c-4c1b-9227-e5c0b234e6ce, 31004e87-02d4-4e74-8c1e-79d7c4be3a99
fdf118fa-13d9-49ae-bfca-75c6fd3265c3, 62a5d5dc-219c-4c1b-9227-e5c0b234e6ce, 90f2ea66-5da4-47fb-8718-2fef91b6f136
d45914a1-8be7-42f9-a534-d86cc3c5b6f4, 62a5d5dc-219c-4c1b-9227-e5c0b234e6ce, 18b5665e-b9d0-4759-9867-68e7d3b8e34b
d3628d23-7027-479a-8fdf-3c43b7c77325, 62a5d5dc-219c-4c1b-9227-e5c0b234e6ce, d9d7b88c-6163-466b-8961-ef7ab4d61080
9fe53550-dee4-4a7d-af46-bdec397c6732, 62a5d5dc-219c-4c1b-9227-e5c0b234e6ce, 104f5f5c-cde8-4e50-846e-a445b2ff1174
4fb18f2d-d041-4ad2-9176-e49708e7fdcc, 62a5d5dc-219c-4c1b-9227-e5c0b234e6ce, 2673e6cf-6284-4084-9783-65a4c4efa03c
681b4ed5-2911-4357-8557-6e6520653e05, 62a5d5dc-219c-4c1b-9227-e5c0b234e6ce, d3e9e8ab-d3ae-4d7b-8e4d-d352632212bf
a3e606c5-1b9d-4cdc-9fec-f239e4644ea0, 62a5d5dc-219c-4c1b-9227-e5c0b234e6ce, 7ec794de-ac6f-4cab-a1d3-2c7e6fe6edd0
ad1824cf-0637-490a-8586-d77b0163cce7, 5a26a90f-a253-47cc-9a0e-1aa9e8feaed2, 104f5f5c-cde8-4e50-846e-a445b2ff1174
52d359b7-06ed-438c-8792-ac7322137933, 5a26a90f-a253-47cc-9a0e-1aa9e8feaed2, 90f2ea66-5da4-47fb-8718-2fef91b6f136
b52042d8-b2d1-4a93-87f0-0584e2655fa8, 5a26a90f-a253-47cc-9a0e-1aa9e8feaed2, d9d7b88c-6163-466b-8961-ef7ab4d61080
767cad33-7f66-47ed-b988-2a5b4a6d215c, 5a26a90f-a253-47cc-9a0e-1aa9e8feaed2, a0f8f673-cdda-42a0-bad8-d3fef2c492fd
9aea8a04-0e91-46bd-8bd6-af084694ccd8, 5a26a90f-a253-47cc-9a0e-1aa9e8feaed2, 7ec794de-ac6f-4cab-a1d3-2c7e6fe6edd0
b4e0c099-8f57-4178-8505-3b779baec4ce, 5a26a90f-a253-47cc-9a0e-1aa9e8feaed2, 2673e6cf-6284-4084-9783-65a4c4efa03c
1eedf7d0-5078-4ec5-9f3d-e02775f3aad3, 5a26a90f-a253-47cc-9a0e-1aa9e8feaed2, 18b5665e-b9d0-4759-9867-68e7d3b8e34b
527b7d9e-e276-4166-8407-d1aa633a990e, 5a26a90f-a253-47cc-9a0e-1aa9e8feaed2, 409d098a-d395-480a-b61e-504abdb08c46
4ce9da6d-83f0-4c85-9a18-ac8e45fc186b, 5a26a90f-a253-47cc-9a0e-1aa9e8feaed2, 31004e87-02d4-4e74-8c1e-79d7c4be3a99
ca215961-96ea-4a74-b8a6-430e164f556d, 91670347-c78f-42d5-a63f-de361e97d10a, 2673e6cf-6284-4084-9783-65a4c4efa03c
cec825e1-42c9-48eb-8d13-9f6509fcb3ad, 91670347-c78f-42d5-a63f-de361e97d10a, 31004e87-02d4-4e74-8c1e-79d7c4be3a99
054884bc-8f96-4793-b40c-72927afda7b4, 91670347-c78f-42d5-a63f-de361e97d10a, 7ec794de-ac6f-4cab-a1d3-2c7e6fe6edd0
530bbcdd-4e9f-439e-b077-af9680d3a084, 91670347-c78f-42d5-a63f-de361e97d10a, 409d098a-d395-480a-b61e-504abdb08c46
5e72a225-dd32-4762-ab48-cd9a36e3f108, 91670347-c78f-42d5-a63f-de361e97d10a, 90f2ea66-5da4-47fb-8718-2fef91b6f136
35fc87a1-460b-477c-b569-dd3c45db5e93, 91670347-c78f-42d5-a63f-de361e97d10a, 18b5665e-b9d0-4759-9867-68e7d3b8e34b
c046ff62-7965-45da-819c-f0afe0d94fd2, 91670347-c78f-42d5-a63f-de361e97d10a, a0f8f673-cdda-42a0-bad8-d3fef2c492fd
47b29aee-482c-43e6-a186-762cc99a5319, 91670347-c78f-42d5-a63f-de361e97d10a, 104f5f5c-cde8-4e50-846e-a445b2ff1174
